Substructure,Count,Count ratio,Number_of_molecules_with_fragment,Ratio_of_Molecules_with_Fragment,median_score,median_score_fragment,median_score_not_fragment,molecules_with_fragment,num_atoms,diff_median_score,step
O=C(O)c1ccc(N2C(=O)CC3(CC(=O)c4ccccc4O3)C2=O)cc1,1,1.9230769230769231,6,11.538461538461538,0.00658505,0.0109374,0.0060961,"['O=C(O)c1ccc(N2C(=O)CC3(CC(=O)c4ccccc4O3)C2=O)cc1', 'N#CC1CCC(=O)NC1c1ccccc1', 'O=COC(C1=CCSC1)c1ccccc1-c1ccccc1C=O', 'O=C(CC1CCc2ccccc2C1=O)C(=O)c1ccc(Cl)cc1', 'O=C1COC(=C2C(=O)c3ccccc3N2CCc2ccccc2)C1']",26,0.0048413,10
CC[N+]1(C)CCC(=O)C(C)(c2ccccc2)C1=O,1,1.9230769230769231,3,5.769230769230769,0.00658505,0.00023185,0.00718475,"['CC[N+]1(C)CCC(=O)C(C)(c2ccccc2)C1=O', 'O=C1CCC(C2(Cc3ccccc3)NCCO2)C(=O)O1']",18,-0.006952900000000001,10
COC(=O)CC1Cc2ccccc2CC1(O)C(=O)OC,1,1.9230769230769231,6,11.538461538461538,0.00658505,0.0002937,0.0066953,"['COC(=O)CC1Cc2ccccc2CC1(O)C(=O)OC', 'O=C1CCC(C2(Cc3ccccc3)NCCO2)C(=O)O1', 'CC1CCC(=O)C2=C1CCOC2c1ccccc1', 'O=C1CC(COC(=O)OCc2ccccc2)CO1', 'O=CC1=CC1=CC(=O)c1ccc(Cl)cc1']",20,-0.0064016,10
COC(=O)CC1=CCC2=CC(=O)NC2C1c1ccccc1,1,1.9230769230769231,3,5.769230769230769,0.00658505,0.0005684500000000001,0.00718475,"['COC(=O)CC1=CCC2=CC(=O)NC2C1c1ccccc1', 'O=C1CCC(c2ccccc2O)C(=O)N1']",21,-0.0066163,10
COC(=O)C1(C2(C)CSC(=O)C2(C)O)CSC(=O)C(=O)Nc2ccccc2C1,1,1.9230769230769231,4,7.6923076923076925,0.00658505,0.0076742,0.0064748,"['COC(=O)C1(C2(C)CSC(=O)C2(C)O)CSC(=O)C(=O)Nc2ccccc2C1', 'O=CCn1c(=S)[nH]c(=O)c2ccccc21', 'O=C1CCC(=C2CCc3ccccc32)N1']",28,0.0011993999999999998,10
COCC1=CC1(C)SC(=O)Cc1coc2ccccc12,1,1.9230769230769231,2,3.8461538461538463,0.00658505,0.0021681,0.0066953,['COCC1=CC1(C)SC(=O)Cc1coc2ccccc12'],20,-0.0045272,10
CCC(O)C1COC(=O)c2oc(-c3ccccc3)c(O)c2C1,1,1.9230769230769231,6,11.538461538461538,0.00658505,0.0161854,0.0060961,"['CCC(O)C1COC(=O)c2oc(-c3ccccc3)c(O)c2C1', 'CN(CCOC1(O)C(=O)C=CC1OC(=O)c1ccccc1)c1ccccc1', 'CC1C(=O)C(CC(C)(C)C)SS(=O)(=O)c2ccccc21', 'c1ccc(-c2oc3ccccc3c2-c2ccccc2)cc1', 'O=C1CCC(=C2CCc3ccccc32)N1']",22,0.010089299999999999,10
CCCCC1C(=O)c2ccccc2C1(C)C,1,1.9230769230769231,3,5.769230769230769,0.00658505,0.02225715,0.00628545,"['CCCCC1C(=O)c2ccccc2C1(C)C', 'O=C(CC1CCc2ccccc2C1=O)C(=O)c1ccc(Cl)cc1']",16,0.0159717,10
O=C(CC(O)c1cccc2cccnc12)C(=O)c1ccc(Br)cc1,1,1.9230769230769231,6,11.538461538461538,0.00658505,0.0176326,0.0064748,"['O=C(CC(O)c1cccc2cccnc12)C(=O)c1ccc(Br)cc1', 'O=CC1CSC(=O)Nc2ccccc21', 'O=C(CC1CCc2ccccc2C1=O)C(=O)c1ccc(Cl)cc1', 'c1ccc(-c2oc3ccccc3c2-c2ccccc2)cc1', 'NC(=O)C1(c2ccccc2)NCCOc2ccccc21']",24,0.011157799999999999,10
O=C1CCC(C2(C(=O)O)c3ccccc3C(=O)N2O)CC1,1,1.9230769230769231,2,3.8461538461538463,0.00658505,0.0026552,0.0066953,['O=C1CCC(C2(C(=O)O)c3ccccc3C(=O)N2O)CC1'],21,-0.0040401000000000005,10
CCC(Cc1ccccc1)OC(=O)C1(O)CC(=O)C=C1C(=O)c1ccccc1O,1,1.9230769230769231,2,3.8461538461538463,0.00658505,0.0200748,0.0064748,['CCC(Cc1ccccc1)OC(=O)C1(O)CC(=O)C=C1C(=O)c1ccccc1O'],29,0.013600000000000001,10
CC(C)(C)OC(=O)N1CCCCC1C(=O)c1ccccc1C(=O)c1ccccc1,1,1.9230769230769231,3,5.769230769230769,0.00658505,0.010041149999999999,0.00628545,"['CC(C)(C)OC(=O)N1CCCCC1C(=O)c1ccccc1C(=O)c1ccccc1', 'O=CN1c2ccccc2SC1C(=O)c1ccc(O)cc1']",29,0.003755699999999999,10
CCOC(=O)C(=Cc1coc2ccccc12)C(=O)OCC,1,1.9230769230769231,3,5.769230769230769,0.00658505,0.017131050000000002,0.00628545,"['CCOC(=O)C(=Cc1coc2ccccc12)C(=O)OCC', 'O=CN1C(=S)N(Cc2ccccc2)C(=O)C(F)(F)C1c1cccc([N+](=O)[O-])c1']",21,0.010845600000000002,10
O=C1CCC(=C2Oc3ccccc3C2CCO)C(=O)O1,1,1.9230769230769231,2,3.8461538461538463,0.00658505,0.0026802,0.0066953,['O=C1CCC(=C2Oc3ccccc3C2CCO)C(=O)O1'],20,-0.004015100000000001,10
O=CC1CC(=O)c2ccccc2O1,1,1.9230769230769231,2,3.8461538461538463,0.00658505,0.0060961,0.0066953,['O=CC1CC(=O)c2ccccc2O1'],13,-0.0005992000000000003,10
CCC1(OC(=O)c2ccccc2C)CCC(=O)C1C,1,1.9230769230769231,2,3.8461538461538463,0.00658505,0.0023843,0.0066953,['CCC1(OC(=O)c2ccccc2C)CCC(=O)C1C'],19,-0.004311000000000001,10
CC=C1C(=O)N(CC)C(=O)CC1c1ccccc1,1,1.9230769230769231,2,3.8461538461538463,0.00658505,0.0016493,0.0066953,['CC=C1C(=O)N(CC)C(=O)CC1c1ccccc1'],18,-0.005046,10
O=C1c2ccccc2-c2ccc(=O)oc21,1,1.9230769230769231,2,3.8461538461538463,0.00658505,0.2286166,0.0064748,['O=C1c2ccccc2-c2ccc(=O)oc21'],15,0.2221418,10
O=C1CCC2C=CC(=O)C2c2ccccc2C1=O,1,1.9230769230769231,2,3.8461538461538463,0.00658505,0.0,0.0066953,['O=C1CCC2C=CC(=O)C2c2ccccc2C1=O'],18,-0.0066953,10
O=C1CCC(C2CC(=O)c3cccnc3O2)C(=O)O1,1,1.9230769230769231,2,3.8461538461538463,0.00658505,0.0064748,0.0066953,['O=C1CCC(C2CC(=O)c3cccnc3O2)C(=O)O1'],19,-0.0002205000000000002,10
NC(=O)C1(CC(=O)c2ccccc2)COCO1,1,1.9230769230769231,3,5.769230769230769,0.00658505,0.0120456,0.00658505,"['NC(=O)C1(CC(=O)c2ccccc2)COCO1', 'O=C1COC(=Cc2c[nH]c3ccccc23)CC1O']",17,0.00546055,10
O=C1CCC(CC2OC(=O)c3ccccc32)CCO1,1,1.9230769230769231,3,5.769230769230769,0.00658505,0.00055935,0.00718475,"['O=C1CCC(CC2OC(=O)c3ccccc32)CCO1', 'NC(=O)C1(c2ccccc2)NCCOc2ccccc21']",19,-0.0066254,10
Cc1sc2ccccc2c(=O)c1Sc1ccc(OCC(=O)O)cc1,1,1.9230769230769231,2,3.8461538461538463,0.00658505,0.0170113,0.0064748,['Cc1sc2ccccc2c(=O)c1Sc1ccc(OCC(=O)O)cc1'],24,0.0105365,10
O=C(Nc1ccccc1)C1OC1(O)C(=O)Nc1ccccc1,1,1.9230769230769231,2,3.8461538461538463,0.00658505,0.0005557,0.0066953,['O=C(Nc1ccccc1)C1OC1(O)C(=O)Nc1ccccc1'],22,-0.0061396,10
O=CC1=Cc2ccccc2C(=O)C1c1ccc(Cl)cc1,1,1.9230769230769231,2,3.8461538461538463,0.00658505,0.0495767,0.0064748,['O=CC1=Cc2ccccc2C(=O)C1c1ccc(Cl)cc1'],20,0.0431019,10
O=C1OCC(CC(=O)c2ccccc2)C(=O)O1,1,2.0,10,20.0,0.00341505,0.0036452,0.0033443,"['O=C1OCC(CC(=O)c2ccccc2)C(=O)O1', 'O=C1Cc2ccccc2C(=O)N1CC(Br)C(F)c1ccccc1', 'O=CSC1c2ccccc2C(=O)C1c1ccc(Cl)cc1', 'O=C1CC(=O)C(O)(c2ccccc2)c2ccccc21', 'O=C1CCC(C(CCC(=O)c2ccccc2)OC(=O)OC(CBr)c2ccccc2)C1', 'O=C1CCC(C2OC(=O)c3ccccc3COCCC23CC3)N1', 'O=C1CC2(CC(=O)N(Cc3ccccc3)O2)OC(=O)C1=O', 'O=c1c2ccccc2cc(CO)n1CCOCc1ccccc1', 'O=C(O)c1ccc(C(=O)O)c(C=Cc2ccccc2)c1O']",17,0.0003008999999999998,20
COCC1=Cc2ccccc2C(=O)C1(O)S(=O)(=O)c1ccc(C)cc1,1,2.0,3,6.0,0.00341505,0.0116686,0.00334325,"['COCC1=Cc2ccccc2C(=O)C1(O)S(=O)(=O)c1ccc(C)cc1', 'O=C1CC(=O)C(O)(c2ccccc2)c2ccccc21']",25,0.008325349999999999,20
O=C1CCC(=Cc2ccccc2)CC1,1,2.0,2,4.0,0.00341505,0.002503,0.0034858,['O=C1CCC(=Cc2ccccc2)CC1'],14,-0.0009827999999999998,20
CCOC(=O)C1=CCC(=O)N1c1ccccc1,1,2.0,5,10.0,0.00341505,0.00084435,0.0036582,"['CCOC(=O)C1=CCC(=O)N1c1ccccc1', 'O=C1CCC(C(CCC(=O)c2ccccc2)OC(=O)OC(CBr)c2ccccc2)C1', 'O=C(COC(=O)c1ccccc1)Nc1ccccc1', 'O=C1OC(=Cc2ccccc2)C(=O)C1O']",17,-0.0028138499999999997,20
O=C(CC(C=CC(F)(F)F)C(=O)c1ccccc1)Nc1ccccc1,1,2.0,2,4.0,0.00341505,0.0038306,0.0033443,['O=C(CC(C=CC(F)(F)F)C(=O)c1ccccc1)Nc1ccccc1'],25,0.00048629999999999984,20
CNC(=S)Nc1ccccc1NC(=S)c1ccco1,1,2.0,3,6.0,0.00341505,0.010549349999999999,0.00341505,"['CNC(=S)Nc1ccccc1NC(=S)c1ccco1', 'CCC1(O)CCOC(=O)NC1Cc1ccccc1']",19,0.007134299999999999,20
O=C1CCC(C2(CC(=O)c3ccccc3)CCCC(=O)O2)C(=O)N1,1,2.0,2,4.0,0.00341505,0.0033443,0.0034858,['O=C1CCC(C2(CC(=O)c3ccccc3)CCCC(=O)O2)C(=O)N1'],24,-0.0001414999999999997,20
COC(=O)C1(C)CCC2(c3ccccc3O)COC1C(=O)c1ccc(-c3ccccc3)cc12,1,2.0,2,4.0,0.00341505,0.0085634,0.0033443,['COC(=O)C1(C)CCC2(c3ccccc3O)COC1C(=O)c1ccc(-c3ccccc3)cc12'],33,0.005219100000000001,20
O=C1CCc2ccccc2CC1=O,1,2.0,3,6.0,0.00341505,0.01365515,0.00341505,"['O=C1CCc2ccccc2CC1=O', 'O=CC1CC(=O)OC(c2ccccc2)C1SCc1ccc(Cl)cc1']",13,0.010240099999999999,20
O=C1OC(Cc2ccccc2)c2ccccc21,1,2.0,4,8.0,0.00341505,0.0004333,0.0034858,"['O=C1OC(Cc2ccccc2)c2ccccc21', 'O=C(OC12C(=O)OCCC1C(=O)c1ccccc1OC21CC1)c1ccccc1', 'O=C(CO)NC1OC(=O)c2ccccc21']",17,-0.0030524999999999997,20
CCOc1ccc(C2OC(=O)CCC2CC)cc1,1,2.0,2,4.0,0.00341505,0.0002676,0.0034858,['CCOc1ccc(C2OC(=O)CCC2CC)cc1'],18,-0.0032182,20
CC(C)(C)C(C)(OC(=O)c1ccccc1[N+](=O)[O-])c1ccccc1,1,2.0,2,4.0,0.00341505,0.0059799,0.0033443,['CC(C)(C)C(C)(OC(=O)c1ccccc1[N+](=O)[O-])c1ccccc1'],24,0.0026355999999999997,20
O=C1OC(=O)C(c2ccoc2)C1Cc1ccco1,1,2.0,2,4.0,0.00341505,0.0002582,0.0034858,['O=C1OC(=O)C(c2ccoc2)C1Cc1ccco1'],18,-0.0032275999999999997,20
O=C1CC(=O)c2ccccc2O1,1,2.0,2,4.0,0.00341505,0.0,0.0034858,['O=C1CC(=O)c2ccccc2O1'],12,-0.0034858,20
O=C1OC(=Cc2ccccc2)C(=O)C1c1ccc(O)cc1,1,2.0,2,4.0,0.00341505,0.0448451,0.0033443,['O=C1OC(=Cc2ccccc2)C(=O)C1c1ccc(O)cc1'],21,0.0415008,20
COC(=O)C1(C2(C(=O)OC)CS(=O)(=O)c3ccccc32)SCS1,1,2.0,3,6.0,0.00341505,0.0008865500000000001,0.0035655,"['COC(=O)C1(C2(C(=O)OC)CS(=O)(=O)c3ccccc32)SCS1', 'O=CC1(OC(=O)C(F)(F)C(F)c2ccccc2Br)CC1c1ccccc1']",23,-0.0026789500000000003,20
CC(C)(C)OC1C(=O)c2ccccc2C1O,1,2.0,3,6.0,0.0086247,0.00703345,0.0086247,"['CC(C)(C)OC1C(=O)c2ccccc2C1O', 'O=C1CCC(COC(=O)c2ccccc2)c2ccccc2N1']",16,-0.0015912500000000007,30
Cc1cc(S(=O)(=O)Nc2ccccc2Cl)no1,1,2.0,3,6.0,0.0086247,0.0033196,0.01174995,"['Cc1cc(S(=O)(=O)Nc2ccccc2Cl)no1', 'O=C(CC(=O)C1OC(=O)c2ccccc2C1O)c1ccccc1']",17,-0.00843035,30
O=C1C=Cc2ccccc2C1Br,1,2.0,7,14.000000000000002,0.0086247,0.02766265,0.0061991500000000005,"['O=C1C=Cc2ccccc2C1Br', 'COC(=O)C1(Cc2ccc(OC)cc2)OC(=O)C=Cc2ccc(Br)cc2O1', 'CC(=O)C1Cc2ccccc2C=C2C(=O)CCC21', 'CC(C)=CCCC1=C(CCl)C(=O)C(=Cc2ccccc2)C=C1C', 'COC(=O)c1ccc(-c2oc3ccccc3c2C(=O)OC)cc1', 'O=C1CC(CC(=O)c2ccc3ccccc3n2)CN1']",12,0.0214635,30
O=C1CC(=Cc2ccc(Cl)cc2)C(=O)c2ccccc2O1,1,2.0,4,8.0,0.0086247,0.0500769,0.0071253,"['O=C1CC(=Cc2ccc(Cl)cc2)C(=O)c2ccccc2O1', 'CC(=O)OC(=CC#Cc1ccccc1)c1ccccc1', 'CC1(C)OCC(=Cc2oc(-c3ccccc3)c(Cl)c2O)C1=O']",21,0.0429516,30
O=C1CC(=O)C(C2(O)C(=O)c3ccccc32)O1,1,2.0,5,10.0,0.0086247,0.0004233,0.01174995,"['O=C1CC(=O)C(C2(O)C(=O)c3ccccc32)O1', 'COC(=O)C1(Cc2ccc(OC)cc2)OC(=O)C=Cc2ccc(Br)cc2O1', 'COC(=O)C1(C2CC(c3ccccc3)=NN2)CSC1', 'O=C1SCC(COC(=O)c2ccccc2)S1']",17,-0.01132665,30
NC(=O)C1(Sc2ccccc2)CCCC1=O,1,2.0,3,6.0,0.0086247,0.039367400000000004,0.0086247,"['NC(=O)C1(Sc2ccccc2)CCCC1=O', 'CN(C)c1cccc2c1CCC(=O)C2=Cc1ccccc1']",16,0.030742700000000005,30
O=C(c1ccccc1)c1cc(-c2ccccc2)c[nH]1,1,2.0,2,4.0,0.0086247,0.0162417,0.0071253,['O=C(c1ccccc1)c1cc(-c2ccccc2)c[nH]1'],19,0.0091164,30
NC(=O)C1Cc2ccccc2C2(CC(=O)c3ccccc3O2)O1,1,2.0,2,4.0,0.0086247,0.0071253,0.0101241,['NC(=O)C1Cc2ccccc2C2(CC(=O)c3ccccc3O2)O1'],23,-0.0029988000000000003,30
O=C1CCc2oc(-c3ccccc3O)c(O)c(=O)c2C1,1,2.0,3,6.0,0.0086247,0.02659745,0.0067122,"['O=C1CCc2oc(-c3ccccc3O)c(O)c(=O)c2C1', 'O=C1CC(=C2CC(=O)c3ccccc3N2)C(=O)O1']",20,0.01988525,30
COC(=O)C1Cc2oc(-c3ccccc3)c(Br)c2C(=O)c2ccccc21,1,2.0,2,4.0,0.0086247,0.0228714,0.0071253,['COC(=O)C1Cc2oc(-c3ccccc3)c(Br)c2C(=O)c2ccccc21'],26,0.0157461,30
CC1(C)OCCC2C1=CSC(=O)c1ccccc12,1,2.0,2,4.0,0.0086247,0.001926,0.0101241,['CC1(C)OCCC2C1=CSC(=O)c1ccccc12'],18,-0.0081981,30
CN1C(=O)C(CC2=NCCO2)C2Cc3ccccc3CC21,1,2.0,3,6.0,0.0086247,0.14177900000000002,0.0086247,"['CN1C(=O)C(CC2=NCCO2)C2Cc3ccccc3CC21', 'O=C1CC(=C2C(=O)c3ccccc3N2O)C(=O)c2ccccc21']",21,0.1331543,30
O=[N+]([O-])c1ccc2oc(-c3ccccc3)c(-c3ccccc3)c2c1,1,2.0,3,6.0,0.0086247,0.022783499999999998,0.0086247,"['O=[N+]([O-])c1ccc2oc(-c3ccccc3)c(-c3ccccc3)c2c1', 'O=C(CC(=O)C1OC(=O)c2ccccc2C1O)c1ccccc1']",24,0.014158799999999997,30
O=C1CCC2Oc3ccccc3C1(O)C2=O,1,2.0,2,4.0,0.0086247,0.0,0.0101241,['O=C1CCC2Oc3ccccc3C1(O)C2=O'],16,-0.0101241,30
CCC(=O)c1cc(-c2ccc3occc3c2)n[nH]1,1,2.0,2,4.0,0.0086247,0.0,0.0101241,['CCC(=O)c1cc(-c2ccc3occc3c2)n[nH]1'],18,-0.0101241,30
c1ccc(-c2c(-c3ccncc3)oc3ccccc23)cc1,1,2.0,2,4.0,0.0086247,0.0233639,0.0071253,['c1ccc(-c2c(-c3ccncc3)oc3ccccc23)cc1'],21,0.0162386,30
O=C1CCc2oc(O)c(C(=O)c3ccccc3)c2-c2ccccc2O1,1,2.0,3,6.0,0.0086247,0.14164365,0.0086247,"['O=C1CCc2oc(O)c(C(=O)c3ccccc3)c2-c2ccccc2O1', 'O=C1CC(=C2C(=O)c3ccccc3N2O)C(=O)c2ccccc21']",25,0.13301895,30
COC(=O)C1Cc2ccccc2CN1,1,2.0,2,4.0,0.0086247,0.0003223,0.0101241,['COC(=O)C1Cc2ccccc2CN1'],14,-0.009801800000000001,30
COC(=O)C1(C2(C)OC(=O)CC2C)CCOc2ccccc21,1,2.0,3,6.0,0.0086247,0.0006028,0.01174995,"['COC(=O)C1(C2(C)OC(=O)CC2C)CCOc2ccccc21', 'O=C1OC(c2ccccc2F)c2ccccc21']",22,-0.01114715,30
O=CC1=Cc2ccccc2C(=O)C1c1ccc(C(=O)O)cc1,1,2.0,2,4.0,0.0086247,0.0406766,0.0071253,['O=CC1=Cc2ccccc2C(=O)C1c1ccc(C(=O)O)cc1'],22,0.0335513,30
NC(=O)C1Cc2ccccc2C=CN1C1Oc2ccccc2C1=O,1,2.0,3,6.0,0.0086247,0.01440385,0.0086247,"['NC(=O)C1Cc2ccccc2C=CN1C1Oc2ccccc2C1=O', 'O=C1OC(c2ccccc2F)c2ccccc21']",24,0.0057791499999999985,30
O=C1OC(=Cc2ccccc2)C(O)C(=O)c2ccccc21,1,2.0,4,8.0,0.0086247,0.0057944,0.0101241,"['O=C1OC(=Cc2ccccc2)C(O)C(=O)c2ccccc21', 'O=C1c2cccnc2C(=O)N1C1CC(CO)CC1O', 'OOC1(OCc2ccccc2)CC(Br)C(Br)C1Cl']",21,-0.0043297000000000006,30
O=C1CC=C(c2ccccc2O)C(=O)C1,1,2.0,2,4.0,0.0086247,0.0,0.0101241,['O=C1CC=C(c2ccccc2O)C(=O)C1'],15,-0.0101241,30
O=C1c2ccccc2C(O)CN1CCC1CC(c2ccccc2)C(O)O1,1,2.0,2,4.0,0.0086247,0.0008643,0.0101241,['O=C1c2ccccc2C(O)CN1CCC1CC(c2ccccc2)C(O)O1'],26,-0.0092598,30
O=C1CC(=O)C(O)(CC(=O)c2ccccc2)O1,1,2.0,2,4.0,0.0086247,0.0062991,0.0101241,['O=C1CC(=O)C(O)(CC(=O)c2ccccc2)O1'],17,-0.0038250000000000003,30
O=CSCc1ccc(N2C(=O)COC2=O)cc1,1,2.0,2,4.0,0.0086247,0.0009126,0.0101241,['O=CSCc1ccc(N2C(=O)COC2=O)cc1'],17,-0.009211500000000001,30
O=C1CCc2oc3ccccc3c2C1=O,1,1.9607843137254901,2,3.9215686274509802,0.0022379,0.0,0.0026177,['O=C1CCc2oc3ccccc3c2C1=O'],15,-0.0026177,40
O=C1CCCC(=CCSc2ccccc2O)C1=O,1,1.9607843137254901,6,11.76470588235294,0.0022379,0.004869,0.00212195,"['O=C1CCCC(=CCSc2ccccc2O)C1=O', 'O=C1c2ccccc2C(=O)C1(Cc1ccc(Br)cc1)S(=O)(=O)c1ccc(Cl)cc1', 'CCN1C(=O)c2ccccc2C1=O', 'O=CC1(c2ccccc2O)NC(=O)C(Cl)C1Cl', 'Cn1c2ccccc2c2cc(C(=O)O)c(O)c(C(=O)OCc3ccc(N)cc3)c21']",18,0.00274705,40
O=C1CC(=Nc2cccc3cccnc23)C(=O)c2ccccc21,1,1.9607843137254901,9,17.647058823529413,0.0022379,0.00180455,0.0029975,"['O=C1CC(=Nc2cccc3cccnc23)C(=O)c2ccccc21', 'O=C1CC(=C2OC(=O)c3ccccc3C2=O)Nc2ccccc21', 'O=C1CC(=Cc2ccccc2O)C(=O)c2ccccc21', 'COC(=O)C1=CN(S(=O)(=O)c2ccccc2)CCO1', 'O=CC1=Cc2ccccc2CC1(O)c1ccccc1', 'O=CN1C(=O)C(Cc2ccco2)CC1c1ccccc1', 'CC1CC(=O)C(C2(C(=O)NCc3ccccc3)OCCO2)O1', 'O=CC1(Cc2ccccc2O)CC(=O)NC1c1ccccc1']",23,-0.0011929500000000001,40
O=CC1=Cc2ccccc2CC1=O,1,1.9607843137254901,2,3.9215686274509802,0.0022379,0.0,0.0026177,['O=CC1=Cc2ccccc2CC1=O'],13,-0.0026177,40
O=CN1c2ccccc2SC1C(=O)c1ccco1,1,1.9607843137254901,2,3.9215686274509802,0.0022379,0.0,0.0026177,['O=CN1c2ccccc2SC1C(=O)c1ccco1'],18,-0.0026177,40
O=C1CCC(=O)N1c1ccccc1,1,1.9607843137254901,3,5.88235294117647,0.0022379,0.00012095,0.0029975,"['O=C1CCC(=O)N1c1ccccc1', 'O=CC1=Cc2ccccc2CC1(O)c1ccccc1']",13,-0.0028765500000000003,40
NC(=O)C1(c2ccccc2)NC(=O)C1(O)Cc1ccccc1,1,1.9607843137254901,4,7.8431372549019605,0.0022379,0.0067135,0.00212195,"['NC(=O)C1(c2ccccc2)NC(=O)C1(O)Cc1ccccc1', 'CCSC(=O)C1(F)CC2=C(C)c3ccccc3C1O2', 'O=C1CCC(=Cc2ccccc2O)C(=O)O1']",22,0.00459155,40
O=C1CCC2C(Cl)=C1c1ccccc12,1,1.9607843137254901,2,3.9215686274509802,0.0022379,0.013749,0.00212195,['O=C1CCC2C(Cl)=C1c1ccccc12'],14,0.01162705,40
COC(=O)C1NC(=O)C(C=Cc2ccccc2)OC1=O,1,1.9607843137254901,2,3.9215686274509802,0.0022379,0.0,0.0026177,['COC(=O)C1NC(=O)C(C=Cc2ccccc2)OC1=O'],20,-0.0026177,40
c1ccc(-c2nc3ccccc3o2)cc1,1,1.9607843137254901,2,3.9215686274509802,0.0022379,0.0,0.0026177,['c1ccc(-c2nc3ccccc3o2)cc1'],15,-0.0026177,40
O=C1CCC(=O)C(Oc2ccc(Cl)cc2)C1=O,1,1.9607843137254901,4,7.8431372549019605,0.0022379,0.0113202,0.00212195,"['O=C1CCC(=O)C(Oc2ccc(Cl)cc2)C1=O', 'O=CCC1=Cc2ccccc2CC1=O', 'CCC(=O)N1C(=O)Cc2ccccc21']",17,0.009198250000000002,40
O=[N+]([O-])c1ccc(C2OCCO2)c(-c2ccccc2)c1,1,1.9607843137254901,2,3.9215686274509802,0.0022379,0.0051608,0.00212195,['O=[N+]([O-])c1ccc(C2OCCO2)c(-c2ccccc2)c1'],20,0.00303885,40
CN(C)C(=O)c1ccc2oc(-c3ccccc3)c(O)c(=O)c2n1,1,1.9607843137254901,3,5.88235294117647,0.0022379,0.00162865,0.0022379,"['CN(C)C(=O)c1ccc2oc(-c3ccccc3)c(O)c(=O)c2n1', 'O=C1CCC(C2(CC(=O)c3ccccc3)CCCc3ccccc32)C1']",23,-0.0006092500000000002,40
NC1=NC(=Nc2ccc(NC(=O)c3ccccc3)cc2)CO1,1,1.9607843137254901,2,3.9215686274509802,0.0022379,0.0029975,0.00212195,['NC1=NC(=Nc2ccc(NC(=O)c3ccccc3)cc2)CO1'],22,0.0008755500000000001,40
CCC1(O)c2ccccc2C(=O)c2ccc(OC)cc21,1,1.9607843137254901,2,3.9215686274509802,0.0022379,0.0070812,0.00212195,['CCC1(O)c2ccccc2C(=O)c2ccc(OC)cc21'],20,0.00495925,40
O=Cc1cc2cc(Br)ccc2o1,1,1.9607843137254901,4,7.8431372549019605,0.0022379,0.0113202,0.00212195,"['O=Cc1cc2cc(Br)ccc2o1', 'O=CCC1=Cc2ccccc2CC1=O', 'CC(C)=C1CCOC(=O)c2ccccc21']",12,0.009198250000000002,40
O=C1OC(=Cc2cccc([N+](=O)[O-])c2)C(=O)C1c1ccc(O)cc1,1,1.9607843137254901,2,3.9215686274509802,0.0022379,0.0382451,0.00212195,['O=C1OC(=Cc2cccc([N+](=O)[O-])c2)C(=O)C1c1ccc(O)cc1'],24,0.03612315,40
Cc1cc(C)c2ccc(C(=O)c3ccccc3O)nc2n1,1,1.9230769230769231,13,25.0,0.0071001,0.0075697,0.0071001,"['Cc1cc(C)c2ccc(C(=O)c3ccccc3O)nc2n1', 'COCC1=CCC(=O)c2ccccc2C1=O', 'CN1C=C2Nc3ccccc3CCN2CC1', 'O=C1C=CC2C(=O)N1Cc1ccccc12', 'O=c1oc2ccc(O)cc2n1Cc1ccccc1', 'O=C(O)Cc1ccc(C(=O)O)c(O)c1-c1ccccc1', 'O=C1Cc2cc(Br)ccc2OC1O', 'O=C1CCC(C2(Cc3ccccc3)N=N2)C(=O)N1', 'O=C1OC(F)COC1=Cc1ccccc1', 'O=C(OCc1ccc([N+](=O)[O-])cc1)C1(O)Oc2ccccc2C1=O', 'O=C1c2ccccc2-c2oc(-c3ccccc3)c(Br)c21', 'O=C1Cc2ccccc2C(=O)N1O']",21,0.00046960000000000057,50
CC1(C)OC(=O)N(Cc2ccccc2)C1=O,1,1.9230769230769231,2,3.8461538461538463,0.0071001,0.0003029,0.0071424,['CC1(C)OC(=O)N(Cc2ccccc2)C1=O'],16,-0.0068395,50
CCC1c2ccccc2C(=O)C1(O)C(=O)OC,1,1.9230769230769231,2,3.8461538461538463,0.0071001,0.0096648,0.0070578,['CCC1c2ccccc2C(=O)C1(O)C(=O)OC'],17,0.002606999999999999,50
O=C1CCc2oc(-c3ccccc3)c(Br)c2C1,1,1.9230769230769231,2,3.8461538461538463,0.0071001,0.0155778,0.0070578,['O=C1CCc2oc(-c3ccccc3)c(Br)c2C1'],17,0.00852,50
O=C1C(=C2OC(=O)c3ccccc3C2=O)Nc2ccccc21,1,1.9230769230769231,4,7.6923076923076925,0.0071001,0.0004726,0.0071424,"['O=C1C(=C2OC(=O)c3ccccc3C2=O)Nc2ccccc21', 'NC(=NOC(=O)c1ccccc1O)c1ccco1', 'CC(C)(C)OC1COC(=O)C(c2ccccc2)S1']",22,-0.0066698,50
COC(=O)C1=C2c3ccccc3CCOC2C(=O)C1(O)OC,1,1.9230769230769231,5,9.615384615384617,0.0071001,0.0036467,0.00736895,"['COC(=O)C1=C2c3ccccc3CCOC2C(=O)C1(O)OC', 'O=C(O)Cc1ccc(C(=O)O)c(O)c1-c1ccccc1', 'C=C1CC(=O)c2ccccc2C1O', 'COC(=O)C1(Sc2ccccc2)OC(=O)c2ccc(Cl)cc21']",22,-0.00372225,50
CCC(C)OC(=O)C1=Cc2ccccc2CC1=O,1,1.9230769230769231,2,3.8461538461538463,0.0071001,0.0428171,0.0070578,['CCC(C)OC(=O)C1=Cc2ccccc2CC1=O'],18,0.035759299999999994,50
O=Cc1oc2ccccc2c1-c1ccccc1,1,1.9230769230769231,2,3.8461538461538463,0.0071001,0.0,0.0071424,['O=Cc1oc2ccccc2c1-c1ccccc1'],17,-0.0071424,50
CCC(F)(Br)C1=NOC(C)(CO)C1=O,1,1.9230769230769231,4,7.6923076923076925,0.0071001,0.0165258,0.0070249,"['CCC(F)(Br)C1=NOC(C)(CO)C1=O', 'O=C1CCC(=Cc2ccccc2)OC1O', 'COc1ccc2c(c1)C(=O)C(SC)=CC2=O']",14,0.0095009,50
O=C(CC1Cc2ccccc2C(=O)O1)C(=O)c1ccccc1,1,1.9230769230769231,2,3.8461538461538463,0.0071001,0.0349763,0.0070578,['O=C(CC1Cc2ccccc2C(=O)O1)C(=O)c1ccccc1'],22,0.027918500000000002,50
O=C1OC(=Cc2ccccc2)C(O)c2ccccc21,1,1.9230769230769231,2,3.8461538461538463,0.0071001,0.0,0.0071424,['O=C1OC(=Cc2ccccc2)C(O)c2ccccc21'],19,-0.0071424,50
O=S1(=O)c2ccccc2-c2cc(-c3ccccc3)ccc21,1,1.9230769230769231,3,5.769230769230769,0.0071001,0.00883695,0.00704135,"['O=S1(=O)c2ccccc2-c2cc(-c3ccccc3)ccc21', 'CC(C)(C)OC(=O)N1CC(=O)c2ccccc2C1=O']",21,0.0017955999999999996,50
O=C1CC(CCN2C(=O)c3ccccc3C2=O)CO1,1,1.9230769230769231,4,7.6923076923076925,0.0071001,0.0053337,0.0071424,"['O=C1CC(CCN2C(=O)c3ccccc3C2=O)CO1', 'O=C1C=C(O)C(COC(=O)c2ccccc2C(=O)O)CO1', 'O=C1C(c2cc([N+](=O)[O-])ccc2C(=O)O)=Nc2ccccc21']",19,-0.0018086999999999999,50
O=C1CC(=O)c2ccccc2N1,1,1.9230769230769231,5,9.615384615384617,0.0071001,0.011130899999999999,0.0071001,"['O=C1CC(=O)c2ccccc2N1', 'O=C1c2ccccc2C(=O)C(O)(Cc2ccccc2)c2nc3ccccc3n21', 'O=C1Cc2ccccc2C(=O)N1OCc1ccccc1', 'COC(=O)C(=Cc1ccc2oc(-c3ccccc3)nc2c1)OC']",12,0.004030799999999999,50
COC(=O)C1(C(=O)OC)Cc2ccccc2C1=O,1,1.9230769230769231,2,3.8461538461538463,0.0071001,0.0060059,0.0071424,['COC(=O)C1(C(=O)OC)Cc2ccccc2C1=O'],18,-0.0011365000000000004,50
NC(=O)C1(c2ccccc2)CCCN1C(=O)c1ccc(Cl)cc1,1,1.9230769230769231,2,3.8461538461538463,0.0071001,0.0004176,0.0071424,['NC(=O)C1(c2ccccc2)CCCN1C(=O)c1ccc(Cl)cc1'],23,-0.0067248,50
O=C1CCC(=C2SCC(O)NC2=O)N1,1,1.9230769230769231,2,3.8461538461538463,0.0071001,0.0075955,0.0070578,['O=C1CCC(=C2SCC(O)NC2=O)N1'],14,0.0005376999999999995,50
COC(=O)c1cc(N2CCCC2)c2ccc(=O)oc2c1C(=O)OC,1,1.9230769230769231,2,3.8461538461538463,0.0071001,0.0452213,0.0070578,['COC(=O)c1cc(N2CCCC2)c2ccc(=O)oc2c1C(=O)OC'],24,0.038163499999999996,50
O=[N+]([O-])c1ccc(S(=O)(=O)c2ccccc2)cc1,1,1.9230769230769231,2,3.8461538461538463,0.0071001,0.0070578,0.0071424,['O=[N+]([O-])c1ccc(S(=O)(=O)c2ccccc2)cc1'],18,-8.459999999999978e-05,50
O=C1CCc2cc(=O)c1c([O-])c1ccccc1c2=O,1,1.9230769230769231,4,7.6923076923076925,0.00381415,0.0,0.0048719,"['O=C1CCc2cc(=O)c1c([O-])c1ccccc1c2=O', 'O=C1C=C(C(=O)c2ccco2)OC(=O)c2ccc([N+](=O)[O-])cc2O1', 'CCC(=O)C12CC(=O)C(=Cc3ccccc31)O2']",19,-0.0048719,60
COCc1ccc(CC2CC(=O)N(Cc3ccccc3)C2=O)cc1,1,1.9230769230769231,8,15.384615384615385,0.00381415,0.0008406,0.0048719,"['COCc1ccc(CC2CC(=O)N(Cc3ccccc3)C2=O)cc1', 'COCCOC1Oc2ccccc2C1SCc1ccccc1', 'O=CC1=Cc2ccccc2C1=O', 'O=CC1=Cc2ccccc2C(=O)C1(O)O', 'O=CS(=O)(=O)c1ccc2oc(-c3ccccc3)nc2c1', 'O=C1C=CC(=Cc2ccccc2O)OC(=O)C1', 'O=C1C=CC(=O)c2cc(O)ccc21']",24,-0.0040313,60
O=C(C1=CC(=O)C(c2coc3ccccc23)C1=O)c1ccccc1O,1,1.9230769230769231,2,3.8461538461538463,0.00381415,0.0417235,0.0027564,['O=C(C1=CC(=O)C(c2coc3ccccc23)C1=O)c1ccccc1O'],25,0.0389671,60
CC(=O)C1c2ccccc2C2c3ccccc3OC12,1,1.9230769230769231,2,3.8461538461538463,0.00381415,0.0027564,0.0048719,['CC(=O)C1c2ccccc2C2c3ccccc3OC12'],19,-0.0021155,60
O=C(CO)C1Cc2ccccc2N(C(=O)c2ccccc2)C1,1,1.9230769230769231,2,3.8461538461538463,0.00381415,0.002511,0.0048719,['O=C(CO)C1Cc2ccccc2N(C(=O)c2ccccc2)C1'],22,-0.0023609,60
O=C1c2ccccc2C(=O)C1(Cc1ccc(Br)cc1)S(=O)(=O)c1ccc(Br)cc1,1,1.9230769230769231,2,3.8461538461538463,0.00381415,0.0253654,0.0027564,['O=C1c2ccccc2C(=O)C1(Cc1ccc(Br)cc1)S(=O)(=O)c1ccc(Br)cc1'],29,0.022609,60
O=C(OCCO)c1ccc2ccccc2n1,1,1.9230769230769231,7,13.461538461538462,0.00381415,0.01621475,0.0022700000000000003,"['O=C(OCCO)c1ccc2ccccc2n1', 'O=C(Oc1ccccc1)C(=O)Oc1ccccc1C(=O)O', 'O=C1OC(=C2C(=O)c3ccccc3N2O)c2ccccc21', 'Cc1oc2ccccc2c1S(=O)(=O)c1ccc(Cl)cc1', 'CCC(=O)C12CC(=O)C(=Cc3ccccc31)O2', 'O=C1CC2CCC(=O)N2c2ccccc21']",16,0.013944749999999999,60
O=C(O)C=C(c1ccccc1)c1coc2ccccc12,1,1.9230769230769231,2,3.8461538461538463,0.00381415,0.0,0.0048719,['O=C(O)C=C(c1ccccc1)c1coc2ccccc12'],20,-0.0048719,60
COC(=O)c1cc(N(C)c2ccccc2)c(C(=O)OC)o1,1,1.9230769230769231,2,3.8461538461538463,0.00381415,0.0496535,0.0027564,['COC(=O)c1cc(N(C)c2ccccc2)c(C(=O)OC)o1'],21,0.046897100000000004,60
O=C(c1ccccc1)C1OC1c1ccc(Cl)cc1,1,1.9230769230769231,4,7.6923076923076925,0.00381415,0.0009108,0.0048719,"['O=C(c1ccccc1)C1OC1c1ccc(Cl)cc1', 'O=C1OC(O)c2ccccc2C1=O', 'CC([O-])C1Cc2ccccc2C(=O)C1Br']",18,-0.0039611,60
COC(=O)C1=C(c2ccccc2)c2ccccc2OC(=O)C1(C)O,1,1.9230769230769231,2,3.8461538461538463,0.00381415,0.020462,0.0027564,['COC(=O)C1=C(c2ccccc2)c2ccccc2OC(=O)C1(C)O'],24,0.017705600000000002,60
O=c1c2ccccc2oc2ccc(Cl)cc12,1,1.9230769230769231,2,3.8461538461538463,0.00381415,0.0,0.0048719,['O=c1c2ccccc2oc2ccc(Cl)cc12'],16,-0.0048719,60
O=C1C=CC(CCc2cccc3cccnc23)CC1,1,1.9230769230769231,2,3.8461538461538463,0.00381415,0.0234178,0.0027564,['O=C1C=CC(CCc2cccc3cccnc23)CC1'],19,0.0206614,60
O=C1NC(=O)c2ccccc2C1=O,1,1.9230769230769231,2,3.8461538461538463,0.00381415,0.0,0.0048719,['O=C1NC(=O)c2ccccc2C1=O'],13,-0.0048719,60
O=C(CN1C(=O)Cc2ccccc2C1=O)c1ccc([N+](=O)[O-])cc1,1,1.9230769230769231,2,3.8461538461538463,0.00381415,0.0130105,0.0027564,['O=C(CN1C(=O)Cc2ccccc2C1=O)c1ccc([N+](=O)[O-])cc1'],24,0.010254099999999999,60
CC(O)C1c2ccccc2C(=O)N1C(=O)OC(C)(C)C,1,1.9230769230769231,2,3.8461538461538463,0.00381415,0.0018637,0.0048719,['CC(O)C1c2ccccc2C(=O)N1C(=O)OC(C)(C)C'],20,-0.0030082,60
O=C1C=C(Nc2ccc(Cl)cc2)C(=O)C1c1ccccc1,1,1.9230769230769231,2,3.8461538461538463,0.00381415,0.0624229,0.0027564,['O=C1C=C(Nc2ccc(Cl)cc2)C(=O)C1c1ccccc1'],21,0.059666500000000004,60
CC(=O)c1ccc(-c2oc(-c3ccccc3)c3ccccc23)cc1,1,1.9230769230769231,2,3.8461538461538463,0.00381415,0.4420024,0.0027564,['CC(=O)c1ccc(-c2oc(-c3ccccc3)c3ccccc23)cc1'],24,0.439246,60
O=C1CC(=Cc2ccccc2)OC(=O)C1c1ccc(Cl)cc1,1,1.9230769230769231,2,3.8461538461538463,0.00381415,0.0129259,0.0027564,['O=C1CC(=Cc2ccccc2)OC(=O)C1c1ccc(Cl)cc1'],22,0.010169500000000001,60
Cc1ccc(-c2oc(-c3ccccc3)c(F)c2Br)cc1,1,2.0408163265306123,2,4.081632653061225,0.0101266,0.0351736,0.009720099999999999,['Cc1ccc(-c2oc(-c3ccccc3)c(F)c2Br)cc1'],20,0.0254535,70
CC(C)C1COC(=O)N1C(=O)c1ccc(-c2ccccc2O)o1,1,2.0408163265306123,3,6.122448979591836,0.0101266,0.0507905,0.0093136,"['CC(C)C1COC(=O)N1C(=O)c1ccc(-c2ccccc2O)o1', 'O=C1Cc2c(c(-c3ccccc3)nc3ccccc23)C1=O']",23,0.041476900000000004,70
COCc1ccccc1C1(C)c2ccccc2C(=O)C1O,1,2.0408163265306123,3,6.122448979591836,0.0101266,0.02326505,0.0101266,"['COCc1ccccc1C1(C)c2ccccc2C(=O)C1O', 'O=C1CCc2nc3ccccc3cc2C1=O']",21,0.01313845,70
O=C1C=CCc2ccccc21,1,2.0408163265306123,4,8.16326530612245,0.0101266,0.017346,0.009720099999999999,"['O=C1C=CCc2ccccc21', 'O=C1Cc2c(c(-c3ccccc3)nc3ccccc23)C1=O', 'O=C1Cc2ccccc2N1c1ccc(-c2ccccc2)cc1']",11,0.007625900000000001,70
CN(C)C(=O)c1ccc2oc(-c3ccccc3)nc2c1,1,2.0408163265306123,2,4.081632653061225,0.0101266,0.0,0.011562,['CN(C)C(=O)c1ccc2oc(-c3ccccc3)nc2c1'],20,-0.011562,70
O=C1OC(c2ccccc2Br)=NC1=Cc1ccccc1Cl,1,2.0408163265306123,2,4.081632653061225,0.0101266,0.3088128,0.009720099999999999,['O=C1OC(c2ccccc2Br)=NC1=Cc1ccccc1Cl'],21,0.2990927,70
O=C1Oc2ccccc2C1=Cc1ccccc1,1,2.0408163265306123,2,4.081632653061225,0.0101266,0.1184881,0.009720099999999999,['O=C1Oc2ccccc2C1=Cc1ccccc1'],17,0.108768,70
O=C1Cc2cc(Br)ccc2O1,1,2.0408163265306123,9,18.367346938775512,0.0101266,0.00800855,0.0101266,"['O=C1Cc2cc(Br)ccc2O1', 'O=C1C(=Cc2ccccc2)C(c2ccccc2)n2cccc21', 'O=C1CCc2cc(Br)ccc2O1', 'O=C1OC(=Cc2ccccc2)c2cccnc21', 'O=C(Nc1cc(Br)ccc1O)c1ccc(F)cc1', 'COC(=O)N1C=Cc2ccccc2C1=CN(C)C', 'O=C1C=CC2C(=O)C1COc1ccccc12', 'CC(C)C1(Cc2ccc(Br)cc2)OCc2ccccc21']",11,-0.00211805,70
O=C1ON(C(=O)Nc2ccccc2)C2CCCCC12,1,2.0408163265306123,3,6.122448979591836,0.0101266,0.0126965,0.0101266,"['O=C1ON(C(=O)Nc2ccccc2)C2CCCCC12', 'O=C(C=CCO)c1cccc(C(=O)c2ccccc2O)n1']",19,0.0025699,70
O=CC1(O)c2ccccc2C(=O)c2ccccc21,1,2.0408163265306123,2,4.081632653061225,0.0101266,0.0163784,0.009720099999999999,['O=CC1(O)c2ccccc2C(=O)c2ccccc21'],18,0.006658300000000002,70
CC(=O)C1=C(C(C)=O)OC(=Cc2cccc3cccnc23)O1,1,2.0408163265306123,2,4.081632653061225,0.0101266,0.0919774,0.009720099999999999,['CC(=O)C1=C(C(C)=O)OC(=Cc2cccc3cccnc23)O1'],22,0.0822573,70
O=C(O)C(=O)C(=Cc1ccc(F)cc1)c1ccccc1,1,2.0408163265306123,4,8.16326530612245,0.0101266,0.0101266,0.01117535,"['O=C(O)C(=O)C(=Cc1ccc(F)cc1)c1ccccc1', 'O=[N+]([O-])c1ccc(S(=O)(=O)OCC2CCc3ccccc32)cc1', 'O=c1ccc2ccccc2[nH]1']",20,-0.001048750000000001,70
O=C1c2ccccc2C(=O)c2[nH]c(=O)ccc21,1,2.0408163265306123,3,6.122448979591836,0.0101266,0.0569291,0.0101266,"['O=C1c2ccccc2C(=O)c2[nH]c(=O)ccc21', 'CCOC(=O)c1ccc(N2C(=O)c3ccccc3C2=O)cc1']",17,0.046802500000000004,70
O=C1CCC(C2(CC(=O)c3ccccc3)OCCO2)C(=O)C1,1,2.0408163265306123,2,4.081632653061225,0.0101266,0.0049993,0.011562,['O=C1CCC(C2(CC(=O)c3ccccc3)OCCO2)C(=O)C1'],22,-0.0065626999999999994,70
COC(=O)C1=C(C(=O)OC)C(c2ccccc2)NC(=S)N1,1,2.0408163265306123,2,4.081632653061225,0.0101266,0.0373928,0.009720099999999999,['COC(=O)C1=C(C(=O)OC)C(c2ccccc2)NC(=S)N1'],21,0.027672699999999998,70
O=C(O)c1ccc(C2CCc3ccccc32)cc1,1,2.0408163265306123,4,8.16326530612245,0.0101266,0.0213381,0.009720099999999999,"['O=C(O)c1ccc(C2CCc3ccccc32)cc1', 'O=C1CCC(C2(O)C(=O)c3ccccc3C2=O)C1', 'CN(C)CC(=O)Nc1ccc(Br)c2cccnc12']",18,0.011618,70
O=CSC(=Cc1coc2ccccc12)c1ccc(Cl)cc1,1,2.0408163265306123,3,6.122448979591836,0.0101266,0.01856935,0.0101266,"['O=CSC(=Cc1coc2ccccc12)c1ccc(Cl)cc1', 'CN(C)CC(=O)Nc1ccc(Br)c2cccnc12']",21,0.008442749999999999,70
c1ccc(-c2oc3ccccc3c2-c2ccco2)cc1,1,2.0408163265306123,2,4.081632653061225,0.0101266,0.0,0.011562,['c1ccc(-c2oc3ccccc3c2-c2ccco2)cc1'],20,-0.011562,70
CC(C)S(=O)(=O)c1coc(-c2ccc(F)cc2)c1,1,2.0408163265306123,2,4.081632653061225,0.0101266,0.0055547,0.011562,['CC(C)S(=O)(=O)c1coc(-c2ccc(F)cc2)c1'],18,-0.006007299999999999,70
Cc1ccc(-c2cccc3c2ccc2ccccc23)cc1,1,2.0408163265306123,2,4.081632653061225,0.0101266,0.0,0.011562,['Cc1ccc(-c2cccc3c2ccc2ccccc23)cc1'],21,-0.011562,70
Cc1[nH]nc2ccccc12,1,2.0408163265306123,2,4.081632653061225,0.0101266,0.0,0.011562,['Cc1[nH]nc2ccccc12'],10,-0.011562,70
O=C1OCc2ccccc2C1=O,1,2.0408163265306123,2,4.081632653061225,0.0101266,0.0130371,0.009720099999999999,['O=C1OCc2ccccc2C1=O'],12,0.0033170000000000005,70
O=C(CCl)c1ccc(Cl)cc1C=Cc1ccc(Cl)cc1,1,2.0408163265306123,2,4.081632653061225,0.0101266,0.0,0.011562,['O=C(CCl)c1ccc(Cl)cc1C=Cc1ccc(Cl)cc1'],20,-0.011562,70
O=C1C=C(Nc2cccc3cccnc23)C(=O)c2ccccc21,1,2.0408163265306123,2,4.081632653061225,0.0101266,0.0,0.011562,['O=C1C=C(Nc2cccc3cccnc23)C(=O)c2ccccc21'],23,-0.011562,70
CN(C)c1cccc2ccc(=O)n(C)c12,1,2.0408163265306123,2,4.081632653061225,0.0101266,0.0302316,0.009720099999999999,['CN(C)c1cccc2ccc(=O)n(C)c12'],15,0.020511500000000002,70
O=C1c2ccccc2OC2(CC2)c2ccccc21,1,2.0408163265306123,2,4.081632653061225,0.0101266,0.0,0.011562,['O=C1c2ccccc2OC2(CC2)c2ccccc21'],18,-0.011562,70
O=c1c(O)c(-c2ccccc2)oc2ccc(O)cc12,1,2.0408163265306123,2,4.081632653061225,0.0101266,0.0,0.011562,['O=c1c(O)c(-c2ccccc2)oc2ccc(O)cc12'],19,-0.011562,70
O=C1OC(c2ccccc2Br)C(Br)c2ccccc21,1,1.8518518518518516,3,5.555555555555555,0.00666015,0.01263955,0.00666015,"['O=C1OC(c2ccccc2Br)C(Br)c2ccccc21', 'O=c1ccc2ccc(-c3ccccc3O)cc2o1']",19,0.005979399999999999,80
COCc1ccc2oc(-c3ccccc3)c(O)c(=O)c2c1,1,1.8518518518518516,10,18.51851851851852,0.00666015,0.0104504,0.0066227,"['COCc1ccc2oc(-c3ccccc3)c(O)c(=O)c2c1', 'O=CC1=Cc2ccccc2CC1', 'O=C1CCC(C(=O)CBr)(c2cccc3cccnc23)O1', 'O=c1ccc2ccc(-c3ccccc3O)cc2o1', 'O=C(O)CC1=NNC(=O)C1=Cc1ccccc1', 'O=C1CCC23Cc4ccc(c2c4)C1C3=O', 'O=C(O)c1ccc(N2C(=O)c3ccccc3C2=O)cc1', 'O=C1C(=C2Nc3ccccc3C2=O)N=Cc2ccccc21', 'O=C1CCc2oc(-c3ccccc3)cc2C1=O']",21,0.0038277000000000007,80
O=C1C=C(Cc2ccccc2)CC(=O)c2ccccc21,1,1.8518518518518516,4,7.4074074074074066,0.00666015,0.0359089,0.0057149,"['O=C1C=C(Cc2ccccc2)CC(=O)c2ccccc21', 'FC(F)(F)C1OC(=Cc2ccccc2)c2ccccc2O1', 'O=C1Nc2ccccc2C(=O)C1=Cc1ccccc1O']",20,0.030194,80
O=C(Nc1ccccc1)N1C(=O)OC1c1ccccc1,1,1.8518518518518516,6,11.11111111111111,0.00666015,0.0004346,0.0066976,"['O=C(Nc1ccccc1)N1C(=O)OC1c1ccccc1', 'O=CC1=Cc2ccccc2CC1', 'O=C1Cc2ccccc2C2(CC2)O1', 'O=Cc1cc(C(=O)O)c2ccccc2n1', 'O=c1ccc2ccc(-c3ccccc3O)cc2o1']",20,-0.0062629999999999995,80
O=Cc1c[nH]c2ccccc12,1,1.8518518518518516,3,5.555555555555555,0.00666015,0.00536625,0.00666015,"['O=Cc1c[nH]c2ccccc12', 'N#CC1(C#N)C(=O)c2ccccc2-c2ccccc21']",11,-0.0012938999999999997,80
CCC(=O)c1ccc(OC)c(C(C)=O)c1,1,1.8518518518518516,3,5.555555555555555,0.00666015,0.18093410000000001,0.00666015,"['CCC(=O)c1ccc(OC)c(C(C)=O)c1', 'O=C1CC(=C2Nc3ccccc3C2=O)C(=O)O1']",15,0.17427395,80
O=C1Cc2ccc(F)cc2C(=O)c2ccccc21,1,1.8518518518518516,3,5.555555555555555,0.00666015,0.0066936999999999995,0.00666015,"['O=C1Cc2ccc(F)cc2C(=O)c2ccccc21', 'CC(Oc1ccccc1)C(=O)O']",18,3.354999999999938e-05,80
O=C1OC(=Cc2ccccc2)c2ccccc21,1,1.8518518518518516,2,3.7037037037037033,0.00666015,0.0,0.0066976,['O=C1OC(=Cc2ccccc2)c2ccccc21'],17,-0.0066976,80
c1ccc2c(-c3coc4ccccc34)cccc2c1,1,1.8518518518518516,2,3.7037037037037033,0.00666015,0.0,0.0066976,['c1ccc2c(-c3coc4ccccc34)cccc2c1'],19,-0.0066976,80
O=C(OCC1=NN=C(CBr)C1)c1ccc(O)cc1,1,1.8518518518518516,4,7.4074074074074066,0.00666015,0.013177,0.0066227,"['O=C(OCC1=NN=C(CBr)C1)c1ccc(O)cc1', 'O=CC1=Cc2ccccc2SC1', 'CC1C(=O)c2ccccc2C(=O)c2ccccc21']",18,0.0065543,80
OCc1coc2ccccc12,1,1.8518518518518516,2,3.7037037037037033,0.00666015,0.0011441,0.0066976,['OCc1coc2ccccc12'],11,-0.005553499999999999,80
O=C1Cc2ccc(Cl)cc2C(=O)C1c1ccccc1,1,1.8518518518518516,2,3.7037037037037033,0.00666015,0.0066976,0.0066227,['O=C1Cc2ccc(Cl)cc2C(=O)C1c1ccccc1'],19,7.490000000000014e-05,80
NC(=NOC(=O)c1ccccc1O)c1ccccc1,1,2.564102564102564,18,46.15384615384615,0.0270173,0.0270173,0.028896650000000003,"['NC(=NOC(=O)c1ccccc1O)c1ccccc1', 'COC(=O)Oc1nc(-c2ccccc2)oc1-c1ccccc1', 'CCC1C(=O)c2ccccc2C1=O', 'O=C1C(=O)N(C(=O)CO)c2ccccc21', 'COc1cc(C2CC(=O)c3ccccc3C2=O)cc(O)c1OC', 'O=CN1C(=O)C(CO)(Cc2ccccc2)C1=O', 'O=C1c2ccccc2C(=O)C1c1ccc2cccnc2c1', 'O=C1CCC(=C2Nc3ccccc3C2=O)C(=O)O1', 'O=C1c2ccccc2C(CCl)OC1O', 'O=C1C(=C2Oc3c(cccc3[N+](=O)[O-])C2=O)NOc2ccccc21', 'CS(=O)(=O)N1c2ccccc2C(=O)CC1c1ccc(Br)cc1', 'O=C1C=Cc2ccccc2C1=C1Sc2ccccc21', 'O=C1c2ccccc2-c2ccc(=O)[nH]c21', 'O=C1CC(=C2Nc3ccccc3OC2=O)N=C(c2ccccc2)O1', 'O=C1OC(=C2CC(=O)c3ccccc3N2)N=C1c1ccccc1', 'O=C1Cc2cc3ccccc3cc2C(=O)N1', 'O=C1c2ccccc2OCC1O']",19,-0.0018793500000000019,90
NC(=O)C1(c2ccccc2Br)COc2ccccc2C1=O,1,2.564102564102564,2,5.128205128205128,0.0270173,0.0081357,0.033652,['NC(=O)C1(c2ccccc2Br)COc2ccccc2C1=O'],21,-0.025516300000000002,90
O=C1C=C(c2ccccc2O)C(=O)c2ccccc21,1,2.564102564102564,2,5.128205128205128,0.0270173,0.043484,0.026855999999999998,['O=C1C=C(c2ccccc2O)C(=O)c2ccccc21'],19,0.016628000000000004,90
O=C1c2ccccc2-c2cc(-c3ccccc3)c(=O)oc21,1,2.564102564102564,2,5.128205128205128,0.0270173,0.313305,0.026855999999999998,['O=C1c2ccccc2-c2cc(-c3ccccc3)c(=O)oc21'],21,0.286449,90
CN1CC(=O)C(C2(O)C(=O)Nc3ccccc32)c2ccccc21,1,2.564102564102564,3,7.6923076923076925,0.0270173,0.0039628,0.0402867,"['CN1CC(=O)C(C2(O)C(=O)Nc3ccccc32)c2ccccc21', 'Cc1oc2ccccc2c1S(=O)(=O)c1ccc(F)cc1']",23,-0.0363239,90
O=C1NC(c2ccccc2Br)=NC1=C1Nc2ccccc2C1=O,1,2.564102564102564,2,5.128205128205128,0.0270173,0.4126927,0.026855999999999998,['O=C1NC(c2ccccc2Br)=NC1=C1Nc2ccccc2C1=O'],23,0.38583670000000003,90
CC1(C)OC(=Cc2cccc3cccnc23)C1=O,1,2.564102564102564,3,7.6923076923076925,0.0270173,0.07469390000000001,0.0270173,"['CC1(C)OC(=Cc2cccc3cccnc23)C1=O', 'Cc1oc2ccccc2c1S(=O)(=O)c1ccc(F)cc1']",18,0.047676600000000006,90
CS(=O)(=O)OC(=Cc1coc2ccccc12)c1ccccc1,1,2.564102564102564,3,7.6923076923076925,0.0270173,0.0,0.0402867,"['CS(=O)(=O)OC(=Cc1coc2ccccc12)c1ccccc1', 'O=C1OC(=O)c2ccccc21']",22,-0.0402867,90
O=C1CCC2(C1)OC(=O)c1ccccc1C2=O,1,2.564102564102564,4,10.256410256410255,0.0270173,0.009346,0.04188535,"['O=C1CCC2(C1)OC(=O)c1ccccc1C2=O', 'O=C1Cc2ccccc2C(=O)N1', 'COCCOC1OC(=O)c2ccccc2C1=O']",17,-0.03253935,90
C(=C1C=C(c2ccccc2)C=C1c1ccccc1)c1ccc(Cc2ccccc2)cc1,1,2.564102564102564,4,10.256410256410255,0.0270173,0.0993706,0.026855999999999998,"['C(=C1C=C(c2ccccc2)C=C1c1ccccc1)c1ccc(Cc2ccccc2)cc1', 'O=C1c2cc(-c3ccccc3)oc2C(=O)C2C(=O)C=CC12', 'O=C1c2ccccc2C(=O)c2c1ccc1ccccc21']",31,0.07251460000000001,90
O=C1c2ccccc2-n2c1cc(=O)c1cc(Cl)ccc12,1,2.7027027027027026,13,35.13513513513514,0.0322014,0.05751625,0.0107752,"['O=C1c2ccccc2-n2c1cc(=O)c1cc(Cl)ccc12', 'O=C1NC(c2ccccc2)C(=O)OC1O', 'O=c1ccc2c([nH]1)c(=O)oc1ccccc12', 'O=C1C(=C2CCC(=S)N2)Oc2ccccc21', 'NC(=O)C1=Nc2ccccc2C1=C1C(=O)c2ccccc2C1=O', 'O=C1Cc2ccccc2OC1O', 'O=C1OC(=Cc2cccc(Cl)c2)c2ccc(Cl)cc21', 'O=C1OCCC1N1C(=O)c2ccccc2C1=O', 'O=C(O)C(=O)C=Cc1coc2ccccc12', 'Cc1c(-c2ccc(Br)cc2)oc(=O)c2ccccc12', 'O=C1C=C(Nc2ccnc3cccnc23)C(=O)c2ccc([N+](=O)[O-])cc21', 'O=C1CC2(CC1=O)SC(=O)c1ccccc12']",20,0.04674105,100
O=C(O)C(=O)C1=C(Nc2ccccc2)C(=O)C1c1ccc(Cl)cc1,1,2.7027027027027026,5,13.513513513513514,0.0322014,0.09804435,0.0251149,"['O=C(O)C(=O)C1=C(Nc2ccccc2)C(=O)C1c1ccc(Cl)cc1', 'O=c1ccc2c([nH]1)c(=O)oc1ccccc12', 'O=C1C(c2ccccc2)=NC1=C1Nc2ccccc2C1=O', 'O=c1oc(=O)c2c3cc(Br)ccc3ccc3cc(Cl)ccc3c1=2']",24,0.07292945,100
O=C1c2ccccc2C(=O)c2c1oc(-c1ccccc1)c2-c1ccccc1,1,2.7027027027027026,2,5.405405405405405,0.0322014,0.0963585,0.02865815,['O=C1c2ccccc2C(=O)c2c1oc(-c1ccccc1)c2-c1ccccc1'],27,0.06770034999999999,100
O=C1Cc2c(ccc3ccccc23)C(=O)N1,1,2.7027027027027026,2,5.405405405405405,0.0322014,0.0,0.03539485,['O=C1Cc2c(ccc3ccccc23)C(=O)N1'],16,-0.03539485,100
Cn1c2c(ccc1=O)C(=O)c1ccccc1C2=O,1,2.7027027027027026,4,10.81081081081081,0.0322014,0.1312314,0.02865815,"['Cn1c2c(ccc1=O)C(=O)c1ccccc1C2=O', 'NC(=O)C1=Nc2ccccc2C1=C1C(=O)c2ccccc2C1=O', 'O=C1NC(=O)c2ccccc21']",18,0.10257325,100
Clc1ccc2nc(-c3ccccc3)cc(-c3ccccc3)c2c1,1,2.7027027027027026,2,5.405405405405405,0.0322014,0.0,0.03539485,['Clc1ccc2nc(-c3ccccc3)cc(-c3ccccc3)c2c1'],23,-0.03539485,100
O=C1Cc2ccccc2C(=O)C1(F)C(=O)Oc1ccccc1,1,2.7027027027027026,2,5.405405405405405,0.0322014,0.0099264,0.03539485,['O=C1Cc2ccccc2C(=O)C1(F)C(=O)Oc1ccccc1'],22,-0.025468449999999997,100
CS(=O)(=O)OC1C=CC(=C2C(=O)c3ccccc3C2=O)CC1,1,2.7027027027027026,2,5.405405405405405,0.0322014,0.0956015,0.02865815,['CS(=O)(=O)OC1C=CC(=C2C(=O)c3ccccc3C2=O)CC1'],22,0.06694335000000001,100
CC(=O)Oc1ccc(C2=Nc3ccccc3C2=O)cc1,1,2.7027027027027026,2,5.405405405405405,0.0322014,0.1596227,0.02865815,['CC(=O)Oc1ccc(C2=Nc3ccccc3C2=O)cc1'],20,0.13096455,100
COC(=O)c1cc2oc(-c3ccccc3)c(O)c2c(=O)[nH]1,1,2.7027027027027026,4,10.81081081081081,0.0322014,0.0664548,0.02436055,"['COC(=O)c1cc2oc(-c3ccccc3)c(O)c2c(=O)[nH]1', 'N#Cc1ccc(-c2oc(-c3ccccc3)c(F)c2Br)cc1', 'O=C1CC2(CC1=O)SC(=O)c1ccccc12']",21,0.04209424999999999,100
CN1C(=O)c2ccccc2C1=O,1,2.7027027027027026,2,5.405405405405405,0.0322014,0.0061804,0.03539485,['CN1C(=O)c2ccccc2C1=O'],12,-0.02921445,100
O=COC(=O)c1ccc(O)c(-c2ccccc2O)n1,1,2.7027027027027026,3,8.108108108108109,0.0322014,0.008908,0.0385883,"['O=COC(=O)c1ccc(O)c(-c2ccccc2O)n1', 'O=Cc1cc(-c2ccccc2O)no1']",19,-0.0296803,100
CNc1c2ccccc2c(=O)c2c([n+]1C#N)OC2,1,2.7027027027027026,2,5.405405405405405,0.0322014,0.003534,0.03539485,['CNc1c2ccccc2c(=O)c2c([n+]1C#N)OC2'],18,-0.031860849999999996,100
O=C1OCCN1c1c(-c2ccccc2)oc2ccc(Cl)cc12,1,2.7027027027027026,2,5.405405405405405,0.0322014,0.0236062,0.03539485,['O=C1OCCN1c1c(-c2ccccc2)oc2ccc(Cl)cc12'],22,-0.011788649999999998,100
O=C1C=NC(=C2Nc3ccccc3C2=O)O1,1,2.7777777777777777,2,5.555555555555555,0.083532,0.3654747,0.0731712,['O=C1C=NC(=C2Nc3ccccc3C2=O)O1'],16,0.2923035,110
O=C1C=C(C(=O)c2ccccc2O)C(=O)N1,1,2.7777777777777777,8,22.22222222222222,0.083532,0.0645872,0.0988159,"['O=C1C=C(C(=O)c2ccccc2O)C(=O)N1', 'Cc1ccc(C2OC(=O)c3ccccc32)cc1', 'O=C1c2ccccc2C(=O)c2[nH]c(-c3ccccc3)nc21', 'O=C1C(c2ccc(F)cc2)=NC1=C1Nc2ccccc2C1=O', 'O=C(OC1OC(=O)c2ccccc21)c1ccc(Br)cc1', 'O=c1[nH]c(=O)c(=Nc2ccccc2)c1=O', 'N#CC1=C(N)c2ccccc2C1=O']",16,-0.0342287,110
O=C1COc2ccccc2C1=C1CC(=O)c2ccccc21,1,2.7777777777777777,2,5.555555555555555,0.083532,0.0938928,0.0731712,['O=C1COc2ccccc2C1=C1CC(=O)c2ccccc21'],21,0.020721599999999993,110
O=C1OC(C2Nc3ccccc3OC2=O)C(=O)c2ccccc21,1,2.7777777777777777,2,5.555555555555555,0.083532,0.0114885,0.0938928,['O=C1OC(C2Nc3ccccc3OC2=O)C(=O)c2ccccc21'],23,-0.0824043,110
O=C1OC(=O)C1=Cc1cccc(-c2ccccc2O)c1,1,2.7777777777777777,4,11.11111111111111,0.083532,0.0731712,0.0938928,"['O=C1OC(=O)C1=Cc1cccc(-c2ccccc2O)c1', 'O=C1C(=O)C2(C(=O)c3ccccc3C2=O)c2ccccc21', 'N#CC1=C(N)c2ccccc2C1=O']",20,-0.020721599999999993,110
COCC1=CC1=CC(=O)c1ccc(-c2ccccc2OC)o1,1,2.7777777777777777,2,5.555555555555555,0.083532,0.1584931,0.0731712,['COCC1=CC1=CC(=O)c1ccc(-c2ccccc2OC)o1'],22,0.08532189999999999,110
O=C1CSC(=C2Nc3ccccc3C2=O)N1,1,2.7777777777777777,4,11.11111111111111,0.083532,0.2245344,0.0731712,"['O=C1CSC(=C2Nc3ccccc3C2=O)N1', 'O=C1C(=C2C=Cc3ccccc32)Oc2ccccc21', 'O=C1OC(C2C(=O)Oc3ccccc3C2=O)C(=O)c2ccccc21']",16,0.15136319999999998,110
O=C1NC(=O)c2ncccc21,1,2.7777777777777777,6,16.666666666666664,0.083532,0.0347649,0.0938928,"['O=C1NC(=O)c2ncccc21', 'O=C1OC(=C2Nc3ccccc3C2=O)N=C1c1ccccc1', 'O=C1C=C(c2ccccc2O)C(=O)C1', 'O=C1CC(C2OC(=O)c3ccccc3C2=O)Nc2ccccc21', 'O=C1CC(=Cc2ccc(Cl)cc2)N=Cc2ccccc21']",11,-0.0591279,110
O=C1c2ccccc2C(=O)c2c1c(=O)oc1ccccc21,1,2.7777777777777777,2,5.555555555555555,0.083532,0.0,0.0938928,['O=C1c2ccccc2C(=O)c2c1c(=O)oc1ccccc21'],21,-0.0938928,110
COC(=O)C(=Cc1coc2ccccc12)OC,1,2.7777777777777777,2,5.555555555555555,0.083532,0.0,0.0938928,['COC(=O)C(=Cc1coc2ccccc12)OC'],17,-0.0938928,110
O=C1C(=C2C(=O)c3ccccc3N2O)Nc2ccccc21,1,2.7777777777777777,2,5.555555555555555,0.083532,0.2702327,0.0731712,['O=C1C(=C2C(=O)c3ccccc3N2O)Nc2ccccc21'],21,0.1970615,110
O=[N+]([O-])c1ccc(C2OC2=C(O)c2ccccc2)cc1,1,2.7777777777777777,2,5.555555555555555,0.083532,0.0146462,0.0938928,['O=[N+]([O-])c1ccc(C2OC2=C(O)c2ccccc2)cc1'],20,-0.0792466,110
O=C1C=C(Nc2ccccn2)C(=O)C1c1ccc(Br)cc1,1,4.0,4,16.0,0.1067262,0.0025673,0.21392755,"['O=C1C=C(Nc2ccccn2)C(=O)C1c1ccc(Br)cc1', 'CSc1coc2ccc(Br)cc12', 'O=C1OCc2ccccc21']",21,-0.21136025,120
COC(=O)C1=Nc2ccccc2C1c1ccc(OC)cc1,1,4.0,2,8.0,0.1067262,0.028947,0.15979834999999998,['COC(=O)C1=Nc2ccccc2C1c1ccc(OC)cc1'],21,-0.13085134999999998,120
O=C1CC(=C2C(=O)c3ccccc3N2c2ccc(Cl)cc2)O1,1,4.0,2,8.0,0.1067262,0.2128705,0.09479385,['O=C1CC(=C2C(=O)c3ccccc3N2c2ccc(Cl)cc2)O1'],22,0.11807664999999999,120
O=C1CC(=C2Nc3ccccc3C2=O)N=C1c1ccc(Br)cc1,1,4.0,2,8.0,0.1067262,0.3400649,0.09479385,['O=C1CC(=C2Nc3ccccc3C2=O)N=C1c1ccc(Br)cc1'],23,0.24527105,120
O=[N+]([O-])c1ccc(S(=O)(=O)O)cc1-c1ccc(Br)cc1,1,4.0,2,8.0,0.1067262,0.0155935,0.15979834999999998,['O=[N+]([O-])c1ccc(S(=O)(=O)O)cc1-c1ccc(Br)cc1'],20,-0.14420484999999997,120
O=C1CC(=C2c3ccccc3C(=O)c3ccc(F)cc32)c2ccccc21,1,4.0,2,8.0,0.1067262,0.1067262,0.147866,['O=C1CC(=C2c3ccccc3C(=O)c3ccc(F)cc32)c2ccccc21'],26,-0.041139800000000004,120
O=C1C2=CCC(=O)N2c2ccccc21,1,4.0,2,8.0,0.1067262,0.0,0.15979834999999998,['O=C1C2=CCC(=O)N2c2ccccc21'],14,-0.15979834999999998,120
COC(=O)c1c(C)noc1-c1ccc(-c2ncc(N)s2)s1,1,4.0,2,8.0,0.1067262,0.2392384,0.09479385,['COC(=O)c1c(C)noc1-c1ccc(-c2ncc(N)s2)s1'],21,0.14444455,120
O=C1C(=Cc2ccccc2Br)N=Cc2ccccc21,1,4.0,2,8.0,0.1067262,0.2149846,0.09479385,['O=C1C(=Cc2ccccc2Br)N=Cc2ccccc21'],19,0.12019075,120
O=C1OC(c2ccccc2)=NC1=C1C(=O)c2ccccc2N1O,1,4.0,2,8.0,0.1067262,0.2445441,0.09479385,['O=C1OC(c2ccccc2)=NC1=C1C(=O)c2ccccc2N1O'],23,0.14975024999999997,120
O=C1OC(c2ccco2)=NC1=C1Nc2ccccc2C1=O,1,4.0,2,8.0,0.1067262,0.3870356,0.09479385,['O=C1OC(c2ccco2)=NC1=C1Nc2ccccc2C1=O'],21,0.29224174999999997,120
O=C(Nc1ccccc1)N1CC=Cc2ccccc21,1,3.8461538461538463,6,23.076923076923077,0.23420190000000002,0.2505732,0.2178306,"['O=C(Nc1ccccc1)N1CC=Cc2ccccc21', 'O=C1OC(=C2Oc3ccccc3C2=O)N=C1c1ccc(Br)cc1', 'O=C1N=NC(=C2C(=O)c3ccccc3N2O)O1', 'O=C1c2ccc(Br)cc2C(=O)c2ncccc21', 'N#CC1=C(C#N)c2c(oc(-c3ccccc3)c2-c2ccccc2)C(=O)C1']",19,0.03274259999999998,130
Cc1cc(=O)oc2cc(OC(=O)C=Cc3ccccc3)ccc12,1,3.8461538461538463,2,7.6923076923076925,0.23420190000000002,0.0,0.2505732,['Cc1cc(=O)oc2cc(OC(=O)C=Cc3ccccc3)ccc12'],23,-0.2505732,130
CC1(O)Oc2ccccc2C1=O,1,3.8461538461538463,2,7.6923076923076925,0.23420190000000002,0.011553,0.2505732,['CC1(O)Oc2ccccc2C1=O'],12,-0.2390202,130
O=C1NC(c2ccc(Br)cc2)=NC1=C1Nc2ccccc2C1=O,1,3.8461538461538463,7,26.923076923076923,0.23420190000000002,0.3123956,0.19804,"['O=C1NC(c2ccc(Br)cc2)=NC1=C1Nc2ccccc2C1=O', 'O=C1OC(=C2Nc3ccccc3C2=O)N=C1c1ccc(O)cc1', 'O=C1NC(c2ccccc2)=NC1=C1Nc2ccccc2C1=O', 'O=C1NC(c2ccccc2)=NC1=C1C(=O)c2ccccc2N1O', 'N#CC1=C(C#N)c2c(oc(-c3ccccc3)c2-c2ccccc2)C(=O)C1', 'C=C1C(=O)c2ccccc2C1=O']",23,0.1143556,130
O=C1C(=Cc2ccc(Br)cc2)NOC1c1ccccc1,1,3.8461538461538463,2,7.6923076923076925,0.23420190000000002,0.1334841,0.2505732,['O=C1C(=Cc2ccc(Br)cc2)NOC1c1ccccc1'],20,-0.1170891,130
O=C(C=C1C(=O)c2ccccc2C1=O)c1ccccc1O,1,2.564102564102564,7,17.94871794871795,0.2667553,0.08956825,0.2673612,"['O=C(C=C1C(=O)c2ccccc2C1=O)c1ccccc1O', 'O=C1Oc2ncncc2NC1=C1OC(=O)c2ccccc21', 'O=C1CC(=C2C(=O)c3ccccc3N2O)N=N1', 'O=C1C(=Cc2ccccc2)SCc2ccccc21', 'O=C1C(=Cc2cccc([N+](=O)[O-])c2)Cc2ccccc21', 'O=C(O)c1ccc(-c2oc(-c3ccccc3)nc2-c2ccccc2)cc1']",21,-0.17779295,140
O=C1CCc2ccccc2C1=C1C=Cc2ccccc21,1,2.564102564102564,2,5.128205128205128,0.2667553,0.2596675,0.26705825,['O=C1CCc2ccccc2C1=C1C=Cc2ccccc21'],20,-0.0073907500000000015,140
O=C1C=CC(=O)c2ccccc21,1,2.564102564102564,9,23.076923076923077,0.2667553,0.34687095,0.221145,"['O=C1C=CC(=O)c2ccccc21', 'O=C1CC(=C2C(=O)c3ccccc3N2O)N=N1', 'O=C1C(=C2N=C(c3ccccc3)N(c3ccc(F)cc3)C2=O)Nc2ccccc21', 'O=C1CC(=C2C(=O)Oc3ccccc32)N=C(c2ccc(Br)cc2)N1', 'O=C1Oc2ccccc2C1=C1OC(=O)c2ccccc21', 'O=C1NC(c2ccccc2)=NC1=C1C(=O)Oc2ccccc21', 'O=C1OC(=C2C(=O)Oc3ccccc32)N=C1c1ccc(Cl)cc1', 'O=C1C=C(Nc2cccnc2)C(=O)O1']",12,0.12572595,140
COc1ccccc1-c1cc(-c2ccccc2)nc(=O)[nH]1,1,2.564102564102564,4,10.256410256410255,0.2667553,0.1352763,0.27349005000000004,"['COc1ccccc1-c1cc(-c2ccccc2)nc(=O)[nH]1', 'O=C1Oc2ccccc2N(O)C1=C1N=Nc2ccccc2C1=O', 'O=C1OC(=Cc2ccc(F)cc2)C(=O)c2ccccc21']",21,-0.13821375000000005,140
O=C1OC(c2cc([N+](=O)[O-])ccc2O)c2ccccc21,1,2.564102564102564,2,5.128205128205128,0.2667553,0.0102832,0.26705825,['O=C1OC(c2cc([N+](=O)[O-])ccc2O)c2ccccc21'],20,-0.25677505,140
O=c1c2ccccc2oc(=O)c2c1ccc1ccccc12,1,2.564102564102564,2,5.128205128205128,0.2667553,0.0,0.26705825,['O=c1c2ccccc2oc(=O)c2c1ccc1ccccc12'],21,-0.26705825,140
O=[N+]([O-])c1c(-c2ccccc2)oc2ccc(Br)cc12,1,3.3333333333333335,2,6.666666666666667,0.34901505,0.0468428,0.3516546,['O=[N+]([O-])c1c(-c2ccccc2)oc2ccc(Br)cc12'],19,-0.30481179999999997,150
O=C1OC(=C2C(=O)Oc3ccccc3N2O)N=C1c1ccccc1,1,3.3333333333333335,9,30.0,0.34901505,0.362064,0.34901505,"['O=C1OC(=C2C(=O)Oc3ccccc3N2O)N=C1c1ccccc1', 'O=C1Oc2ccccc2NC1=C1N=C(c2ccccc2)N(O)C1=O', 'O=C1Nc2cc(Cl)ccc2C=NC1=C1C(=O)Oc2ccccc2N1O', 'O=C1OC(=C2Oc3c(ccc4ccccc34)OC2=O)N=C1c1ccccc1', 'N#Cc1ccc(-c2ccc3oc(=O)c4ccccc4c3c2)cc1', 'O=C1NC(c2ccc([N+](=O)[O-])cc2)=NC1=C1C(=O)Oc2ccccc2N1O', 'O=C1CC(=C2Nc3ccccc3OC2=O)N=N1', 'O=C1OC(=C2Nc3ccccc3OC2=O)N=C1c1ccc([N+](=O)[O-])cc1']",24,0.013048950000000004,150
O=C1C(Nc2cccnc2)=CC(=O)c2ncccc21,1,3.3333333333333335,4,13.333333333333334,0.34901505,0.3463755,0.3516546,"['O=C1C(Nc2cccnc2)=CC(=O)c2ncccc21', 'O=C1Oc2ccccc2N(O)C1=C1N=C(c2ccccc2)N(O)C1=O', 'O=C1CC(=C2C(=O)c3ccccc3N2O)N=C1c1ccccc1']",19,-0.005279099999999981,150
O=C1NC(c2ccccc2)=NC1=C1C(=O)Oc2ccccc2N1O,1,3.3333333333333335,3,10.0,0.34901505,0.41241025,0.34383295,"['O=C1NC(c2ccccc2)=NC1=C1C(=O)Oc2ccccc2N1O', 'O=C1NC(c2ccccc2)=NC1=Cc1ccccc1Br']",24,0.06857729999999995,150
O=Cc1cc(-c2oc(-c3ccccc3)c3ccccc23)no1,1,3.3333333333333335,7,23.333333333333332,0.34901505,0.3948341,0.34383295,"['O=Cc1cc(-c2oc(-c3ccccc3)c3ccccc23)no1', 'O=C1NC(c2ccccc2)=NC1=C1Nc2ccccc2OC1=O', 'O=C1Oc2ccccc2N(O)C1=C1N=C(c2ccccc2)N(O)C1=O', 'O=C(O)CC1Oc2ccccc2SC1=O', 'O=C1CCC(=C2C(=O)c3ccccc3N2O)N1', 'O=C1NC(c2ccc([N+](=O)[O-])cc2)=NC1=C1C(=O)Oc2ccccc2N1O']",22,0.051001149999999995,150
O=C1C(Nc2ccccn2)=CCC(=O)c2ncccc21,1,3.3333333333333335,2,6.666666666666667,0.34901505,0.1001468,0.3516546,['O=C1C(Nc2ccccn2)=CCC(=O)c2ncccc21'],20,-0.2515078,150
O=C1C=NC(=C2C(=O)c3ccccc3N2O)C1,1,3.3333333333333335,2,6.666666666666667,0.34901505,0.3277487,0.3516546,['O=C1C=NC(=C2C(=O)c3ccccc3N2O)C1'],17,-0.02390589999999998,150
O=C1NC(c2ccccc2)=NC1=Cc1ccccc1O,1,3.225806451612903,10,32.25806451612903,0.3757018,0.3752162,0.3805547,"['O=C1NC(c2ccccc2)=NC1=Cc1ccccc1O', 'O=C1OC(=C2Nc3ccccc3OC2=O)N=C1c1ccc(Nc2ccncc2)s1', 'O=C1C(=Cc2ccccc2)N=C(c2ccccc2)N1O', 'O=C1CC(=Cc2ccccc2O)N=C1c1ccc(Br)cc1', 'O=C1OC(=C2C(=O)c3ccccc3N2O)N=C1c1ccc(F)cc1', 'O=C(CBr)C1=Cc2ccc(=O)oc2C1=Cc1ccc(F)cc1', 'O=Cc1ccc(-c2oc(-c3ccccc3Br)c3ccccc23)cc1', 'O=C1NC(c2ccccn2)=NC1=Cc1ccccc1', 'O=C1OC(c2ccc([N+](=O)[O-])cc2)=NC1=Cc1ccccc1']",20,-0.005338500000000024,160
O=C(CBr)COc1ccc(-c2oc(-c3ccccc3)c(F)c2Br)cc1,1,3.225806451612903,3,9.67741935483871,0.3757018,0.1718303,0.3854076,"['O=C(CBr)COc1ccc(-c2oc(-c3ccccc3)c(F)c2Br)cc1', 'O=C(CBr)C1=Cc2ccc(=O)oc2C1=Cc1ccc(F)cc1']",25,-0.21357730000000003,160
O=C1CC(=C2Nc3ccccc3OC2=O)N=C1c1ccc(Br)cc1,1,3.225806451612903,11,35.483870967741936,0.3757018,0.38767985000000005,0.3752162,"['O=C1CC(=C2Nc3ccccc3OC2=O)N=C1c1ccc(Br)cc1', 'O=C1Oc2ccccc2NC1=C1N=C(c2ccco2)N(O)C1=O', 'O=C1Oc2ccccc2NC1=C1N=C(c2ccc(Cl)cc2)N(O)C1=O', 'O=C1C(=Cc2ccccc2)N=C(c2ccccc2Br)N1O', 'O=C1OC(=C2Nc3ccccc3OC2=O)N=C1c1ccc(O)cc1', 'O=C1CC(=Cc2ccccc2O)N=C(c2ccccc2)O1', 'O=C1OC(=C2CC(=O)c3ccccc3N2)N=C1c1ccc(Cl)cc1', 'O=C1OC(c2ccco2)=NC1=C(Nc1cccnc1)c1ccco1', 'O=C1NC(c2ccc([N+](=O)[O-])cc2)=NC1=Cc1ccccc1', 'O=C1OC(=C2C(=O)Oc3ccc(Br)cc32)N=C1c1ccccc1']",24,0.012463650000000048,160
O=C1C(=Cc2ccc(F)cc2)N=C1c1ccccc1,1,3.225806451612903,2,6.451612903225806,0.3757018,0.2291495,0.3805547,['O=C1C(=Cc2ccc(F)cc2)N=C1c1ccccc1'],19,-0.15140520000000002,160
O=C1Nc2ccccc2C1=C1C=C(c2ccccc2)O1,1,3.225806451612903,2,6.451612903225806,0.3757018,0.335689,0.3805547,['O=C1Nc2ccccc2C1=C1C=C(c2ccccc2)O1'],20,-0.04486570000000001,160
O=C1OC(c2ccccc2)=NC1=Cc1ccc(F)cc1,1,4.166666666666666,8,33.33333333333333,0.3880981,0.3842137,0.3919825,"['O=C1OC(c2ccccc2)=NC1=Cc1ccc(F)cc1', 'O=C1Oc2ccccc2N(O)C1=C1N=Cc2ccc(Cl)cc2C1=O', 'O=C1OC(c2ccc(F)cc2)=NC1=Cc1ccc(F)cc1', 'O=C1OC(c2ccccc2Cl)=NC1=Cc1ccc(Br)cc1', 'O=C1OC(=C2Nc3ccccc3OC2=O)N=C1c1ccc(Cl)cc1', 'O=C1OC(c2ccc(Br)cc2)=NC1=Cc1ccc(Br)cc1', 'CCOC(=O)c1ccc(-c2oc(-c3ccccc3)c3ccc(O)cc23)cc1']",20,-0.00776880000000002,170
COc1ccc2oc(-c3ccccc3)c(O)c(=O)c2c1,1,4.166666666666666,5,20.833333333333336,0.3880981,0.3746391,0.3880981,"['COc1ccc2oc(-c3ccccc3)c(O)c(=O)c2c1', 'O=C1C(Nc2cccnc2)=CC(=O)c2oc(=O)ccc21', 'O=C1OC(c2ccc(Br)cc2)=NC1=C1C(=O)Oc2ccccc2N1O', 'COc1ccc(-c2oc(-c3ccccc3)c3ccc(O)cc23)cc1']",20,-0.013458999999999999,170
O=C1NC(c2ccc(Cl)cc2)=NC1=C1C(=O)Oc2ccccc2N1O,1,4.166666666666666,3,12.5,0.3880981,0.4464211,0.3840397,"['O=C1NC(c2ccc(Cl)cc2)=NC1=C1C(=O)Oc2ccccc2N1O', 'Cc1ccc(-c2oc(-c3ccc(F)cc3)c3ccc(Br)cc23)cc1']",25,0.06238140000000003,170
O=C1OC(c2ccc([N+](=O)[O-])cc2)=NC1=Cc1ccccc1O,1,4.166666666666666,2,8.333333333333332,0.3880981,0.3562053,0.3919825,['O=C1OC(c2ccc([N+](=O)[O-])cc2)=NC1=Cc1ccccc1O'],23,-0.03577720000000001,170
O=C1OC(=C2Nc3ccccc3OC2=O)N=C1c1ccc(Br)cc1,1,4.166666666666666,5,20.833333333333336,0.3880981,0.42526010000000003,0.3840397,"['O=C1OC(=C2Nc3ccccc3OC2=O)N=C1c1ccc(Br)cc1', 'O=C1C(Nc2cccnc2)=CC(=O)c2oc(=O)ccc21', 'O=C1OC(c2ccc(Br)cc2)=NC1=C1C(=O)Oc2ccccc2N1O', 'COc1ccc(-c2oc(-c3ccccc3)c3ccc(O)cc23)cc1']",24,0.041220400000000046,170
O=C1OC(c2ccc(Br)cc2)=NC1=Cc1ccc(F)cc1,1,4.166666666666666,5,20.833333333333336,0.3880981,0.36787060000000005,0.3880981,"['O=C1OC(c2ccc(Br)cc2)=NC1=Cc1ccc(F)cc1', 'O=C1CC(=Cc2ccc(Br)cc2)N=C1c1ccc(Br)cc1', 'COc1cc(-c2oc(-c3ccccc3)c3ccc(F)cc23)oc1O', 'O=C1NC(c2ccc([N+](=O)[O-])cc2)=NC1=Cc1ccccc1O']",21,-0.020227499999999954,170
O=C1OC(=Cc2ccco2)N=C1c1ccc(-c2cccnc2)o1,1,4.166666666666666,7,29.166666666666668,0.3880981,0.35368605,0.39332935,"['O=C1OC(=Cc2ccco2)N=C1c1ccc(-c2cccnc2)o1', 'O=C1Oc2ccccc2N(O)C1=C1N=C(c2ccc(Cl)cc2)N(O)C1=O', 'O=C1CC(=Cc2ccc(Br)cc2)N=C1c1ccc(Br)cc1', 'O=C1C=C(Nc2cccnc2)C(=O)c2ccc(F)cc21', 'COc1cc(-c2oc(-c3ccccc3)c3ccc(F)cc23)oc1O', 'O=C1NC(c2ccc([N+](=O)[O-])cc2)=NC1=Cc1ccccc1O']",23,-0.03964330000000005,170
O=C1OC(c2ccc([N+](=O)[O-])cc2)=NC1=C1C(=O)Oc2ccccc2N1O,1,4.166666666666666,2,8.333333333333332,0.4236618,0.4335393,0.4202113,['O=C1OC(c2ccc([N+](=O)[O-])cc2)=NC1=C1C(=O)Oc2ccccc2N1O'],27,0.013328000000000007,180
O=CCc1cc(-c2oc(-c3ccccc3)c3ccccc23)oc1O,1,4.166666666666666,2,8.333333333333332,0.4236618,0.4487415,0.4202113,['O=CCc1cc(-c2oc(-c3ccccc3)c3ccccc23)oc1O'],24,0.028530200000000006,180
O=Cc1cc(-c2oc(-c3ccccc3)c3ccccc23)oc1O,1,4.166666666666666,3,12.5,0.4236618,0.4161995,0.4236618,"['O=Cc1cc(-c2oc(-c3ccccc3)c3ccccc23)oc1O', 'O=C1OC(c2ccco2)=NC1=Cc1ccccc1O']",23,-0.007462299999999977,180
COc1ccc(-c2oc(-c3ccccc3)c3ccc(O)cc23)cc1O,1,4.166666666666666,5,20.833333333333336,0.4236618,0.39950515,0.42796164999999997,"['COc1ccc(-c2oc(-c3ccccc3)c3ccc(O)cc23)cc1O', 'O=C1OC(=C2C(=O)Oc3ccccc3N2O)N=C1c1ccc(Br)cc1', 'O=C1OC(=C2C(=O)Oc3ccccc3N2O)N=C1c1ccc([N+](=O)[O-])cc1', 'O=C1OC(=Cc2coc(-c3ccccc3O)n2)N=C1c1ccc(F)cc1']",25,-0.028456499999999996,180
O=C1OC(c2ccco2)=NC1=C1C(=O)Oc2ccccc2N1O,1,4.166666666666666,7,29.166666666666668,0.4236618,0.4505077,0.4042172,"['O=C1OC(c2ccco2)=NC1=C1C(=O)Oc2ccccc2N1O', 'O=C1NC(c2cccs2)=NC1=Cc1ccco1', 'COCc1ccc(-c2oc(-c3ccccc3)c3ccccc23)cc1O', 'COc1ccc(-c2oc(-c3ccccc3)c3ccccc23)cc1O', 'O=C(O)c1ccc(-c2oc(-c3ccccc3Br)c3ccc(Br)cc23)cc1', 'CSc1ccc(-c2oc(-c3ccccc3)c3ccccc23)cc1']",23,0.04629050000000001,180
O=C1OC(c2ccc(Cl)cc2)=NC1=C1C(=O)Oc2ccccc2N1O,1,4.166666666666666,6,25.0,0.4236618,0.428811,0.4174058,"['O=C1OC(c2ccc(Cl)cc2)=NC1=C1C(=O)Oc2ccccc2N1O', 'O=C1OC(=C2Nc3ccccc3OC2=O)N=C1c1ccc(F)cc1', 'CCOc1ccc(-c2oc(-c3oc(=O)ccc3C)c3ccc(O)cc23)cc1', 'O=C1OC(c2ccc[nH]2)=NC1=Cc1ccccc1', 'CN(C)c1cccc2ccc(=O)oc12']",25,0.011405200000000004,180
O=C(O)c1cc(-c2oc(-c3ccccc3)c3ccccc23)on1,1,4.166666666666666,6,25.0,0.40387415000000004,0.4256942,0.3977552,"['O=C(O)c1cc(-c2oc(-c3ccccc3)c3ccccc23)on1', 'O=C1OC(=Cc2ccco2)N=C1c1ccccn1', 'O=C1NC(c2ccccc2Br)=NC1=Cc1ccccc1', 'O=C1OC(c2ccccc2Br)=NC1=C(Nc1ccccn1)c1ccco1', 'O=C1OC(=C2Nc3ccccc3OC2=O)N=C1c1ccccc1']",23,0.027939000000000047,190
Cc1ccc2oc(-c3ccccc3)c(O)c(=O)c2c1,1,4.166666666666666,3,12.5,0.40387415000000004,0.2091228,0.40387415000000004,"['Cc1ccc2oc(-c3ccccc3)c(O)c(=O)c2c1', 'O=C1NC(c2ccc(Cl)cc2)=NC1=C1Nc2ccccc2OC1=O']",19,-0.19475135000000005,190
COc1ccc(-c2oc(-c3ccccc3)c3ccc(Br)cc23)cc1O,1,4.166666666666666,8,33.33333333333333,0.40387415000000004,0.4256942,0.3977552,"['COc1ccc(-c2oc(-c3ccccc3)c3ccc(Br)cc23)cc1O', 'O=C1OC(=Cc2ccco2)N=C1c1ccccn1', 'O=C1NC(c2ccccc2Br)=NC1=Cc1ccccc1', 'COCc1cc(-c2oc(-c3ccccc3)c3ccccc23)on1', 'CC(=O)Oc1ccc2oc(-c3ccccc3)c(Br)c2c1', 'O=C1OC(=C2Nc3ccccc3OC2=O)N=C1c1ccccc1', 'O=C1NC(c2ccc(Cl)cc2)=NC1=C1Nc2ccccc2OC1=O']",25,0.027939000000000047,190
O=C1OC(c2cccs2)=NC1=Cc1cccs1,1,4.166666666666666,7,29.166666666666668,0.40387415000000004,0.36085725,0.4144366,"['O=C1OC(c2cccs2)=NC1=Cc1cccs1', 'Clc1ccc(C2=CC(c3ccccc3)=CC2=Cc2ccc(-c3ccccc3)o2)cc1', 'O=C1CC(=Cc2ccccc2)N=C1c1ccc(Br)cc1', 'O=C1OC(=C2Nc3ccccc3OC2=O)N=C1c1cccc(F)c1', 'O=C1OC(c2ccc(Cl)cc2)=NC1=C1C(=O)c2ccccc2N1O', 'O=C1OC(c2ccccc2)=NC1=Cc1ccc(Br)cc1']",17,-0.05357934999999997,190
O=C1NC(c2cccs2)=NC1=Cc1ccccc1,1,4.166666666666666,3,12.5,0.40387415000000004,0.39220935,0.40387415000000004,"['O=C1NC(c2cccs2)=NC1=Cc1ccccc1', 'COCc1ccc(-c2oc(-c3ccccc3)c3ccc(O)cc23)cc1O']",18,-0.01166480000000003,190
N#Cc1ccc(-c2oc(-c3ccccc3)c3ccccc23)cc1O,1,4.166666666666666,2,8.333333333333332,0.40387415000000004,0.4694073,0.4017541,['N#Cc1ccc(-c2oc(-c3ccccc3)c3ccccc23)cc1O'],24,0.06765320000000002,190
O=C1OC(c2ccc(Br)cc2)=NC1=C1Nc2ccccc2OC1=O,1,4.0,2,8.0,0.4174893,0.4241283,0.41598515,['O=C1OC(c2ccc(Br)cc2)=NC1=C1Nc2ccccc2OC1=O'],24,0.008143149999999988,200
COCc1ccc(-c2oc(-c3ccccc3)c3ccccc23)cc1,1,4.0,2,8.0,0.4174893,0.484736,0.41598515,['COCc1ccc(-c2oc(-c3ccccc3)c3ccccc23)cc1'],24,0.06875084999999997,200
O=C1OC(c2ccc([N+](=O)[O-])cc2)=NC1=C1Nc2ccccc2OC1=O,1,4.0,2,8.0,0.4174893,0.4118935,0.4181992,['O=C1OC(c2ccc([N+](=O)[O-])cc2)=NC1=C1Nc2ccccc2OC1=O'],26,-0.00630569999999997,200
O=C1OC(c2ccccc2Br)=NC1=C1Nc2ccccc2OC1=O,1,4.0,2,8.0,0.4174893,0.414481,0.4181992,['O=C1OC(c2ccccc2Br)=NC1=C1Nc2ccccc2OC1=O'],24,-0.003718200000000005,200
O=C1CCC(=C2Nc3ccccc3C2=O)N1,1,4.0,4,16.0,0.4174893,0.2582741,0.4181992,"['O=C1CCC(=C2Nc3ccccc3C2=O)N1', 'O=C1C=C(Nc2ccc[nH]2)C(=O)c2ccccc21', 'O=C1OC(c2ccco2)=NC1=C(Nc1ccccn1)c1ccco1']",16,-0.1599251,200
O=C1OC(=Cc2c[nH]c(-c3ccccc3)n2)N=C1c1ccc(Cl)cc1,1,4.0,11,44.0,0.4174893,0.4181992,0.414481,"['O=C1OC(=Cc2c[nH]c(-c3ccccc3)n2)N=C1c1ccc(Cl)cc1', 'S=C1OC(c2cccnc2)=NC1=Cc1ccc[nH]1', 'CCOC(=O)c1cc(-c2oc(-c3ccccc3)c3ccccc23)on1', 'O=C1NC(c2ccc(Br)cc2)=NC1=C1Nc2ccccc2OC1=O', 'Cc1ccc(-c2oc(-c3ccccc3)c3ccc(Br)cc23)cc1', 'CN(C)c1ccc(-c2oc(-c3ccccc3)c3ccccc23)cc1', 'O=C1OC(c2ccco2)=NC1=Cc1ccccc1Br', 'O=C1OC(c2ccc(Cl)cc2)=NC1=C1Nc2ccccc2OC1=O', 'O=Cc1cc(-c2oc(-c3ccccc3)c3ccccc23)co1', 'COCc1ccc(-c2oc(-c3ccc(O)cc3)c3ccccc23)cc1O']",25,0.003718200000000005,200
COc1ccc(-c2oc(-c3ccccc3)c3cccnc23)cc1O,1,4.0,7,28.000000000000004,0.4174893,0.4181764,0.4174893,"['COc1ccc(-c2oc(-c3ccccc3)c3cccnc23)cc1O', 'O=C1C=C(Nc2ccc[nH]2)C(=O)c2ccccc21', 'Nc1ccc(-c2oc(-c3ccccc3)c3ccccc23)cc1', 'O=C1OC(=C2Nc3ccccc3OC2=O)N=C1c1ccc(C(=O)O)cc1', 'S=C(Nc1ccc(-n2oc3ccccc3c2=S)cc1)c1ccc(Cl)cc1', 'COc1cc(-c2oc(-c3ccccc3)c3ccccc23)ccc1OC(C)=O']",24,0.000687099999999996,200
O=C(O)c1ccc(-c2oc(-c3ccccc3)c3ccccc23)cc1Cl,1,4.0,2,8.0,0.4174893,0.4700147,0.41598515,['O=C(O)c1ccc(-c2oc(-c3ccccc3)c3ccccc23)cc1Cl'],25,0.05402954999999998,200
CSc1ccc(-c2oc(-c3ccccc3)c3ccc(O)cc23)o1,1,4.166666666666666,2,8.333333333333332,0.4242175,0.429576,0.4218742,['CSc1ccc(-c2oc(-c3ccccc3)c3ccc(O)cc23)o1'],23,0.007701800000000036,210
O=C1OC(c2ccc[nH]2)=NC1=Cc1ccc(Cl)cc1,1,4.166666666666666,4,16.666666666666664,0.4242175,0.4489078,0.4218742,"['O=C1OC(c2ccc[nH]2)=NC1=Cc1ccc(Cl)cc1', 'COC(=O)c1ccc(-c2oc(-c3ccccc3)c3ccc(OC)cc23)cc1', 'CSc1ccc(-c2oc(-c3ccccc3)c3ccc(Br)cc23)cc1']",19,0.027033600000000046,210
Cc1ccc(-c2oc(-c3ccc(Cl)cc3)c3ccc(Br)cc23)cc1,1,4.166666666666666,2,8.333333333333332,0.4242175,0.4566458,0.4218742,['Cc1ccc(-c2oc(-c3ccc(Cl)cc3)c3ccc(Br)cc23)cc1'],24,0.034771600000000014,210
O=C1OC(c2ccc(Cl)cc2)=NC1=Cc1ccc(Cl)cc1,1,4.166666666666666,2,8.333333333333332,0.4242175,0.3953228,0.4265608,['O=C1OC(c2ccc(Cl)cc2)=NC1=Cc1ccc(Cl)cc1'],21,-0.031238000000000044,210
COc1ccc(-c2oc(-c3ccc(C)cc3)c3ccccc23)cc1OC,1,4.166666666666666,3,12.5,0.4242175,0.46993215,0.42027335,"['COc1ccc(-c2oc(-c3ccc(C)cc3)c3ccccc23)cc1OC', 'CCN(CC)c1ccc(-c2oc(-c3ccccc3)c3ccccc23)cc1']",26,0.0496588,210
COc1ccc(-c2oc(-c3ccc(C)cc3)c3ccc(O)cc23)cc1O,1,4.166666666666666,16,66.66666666666666,0.4242175,0.4218742,0.429576,"['COc1ccc(-c2oc(-c3ccc(C)cc3)c3ccc(O)cc23)cc1O', 'O=C(O)c1ccc(-c2oc(-c3ccccc3O)c3ccc(Br)cc23)cc1', 'CCN(CC)c1ccc(-c2oc(-c3ccccc3)c3ccccc23)cc1', 'CC(=O)c1ccc(-c2oc(-c3ccccc3)c3ccc(O)cc23)cc1', 'COCc1c(OC)cc(=O)oc1-c1oc(-c2ccccc2)c2ccccc12', 'COC(=O)c1ccc(-c2oc(-c3ccc(O)cc3)c3ccccc23)cc1', 'O=c1[nH]c2ccccc2s1', 'CC(=O)c1ccc(-c2oc(-c3ccc(Br)cc3)c3ccccc23)cc1', 'COCc1ccc(-c2oc(-c3ccccc3)c3ccc(Br)cc23)cc1', 'CS(=O)(=O)c1ccc(-c2oc(-c3ccccc3)c3ccc(N)cc23)cc1', 'O=Cc1cc(-c2oc(-c3ccccc3)c3ccc(Br)cc23)oc1O', 'CCOc1ccc(-c2oc(-c3ccccc3)c3ccc(O)cc23)cc1O', 'O=Cc1ccc(-c2oc(-c3ccccc3O)c3ccc(Br)cc23)cc1', 'O=C1OC(c2ccc[nH]2)=NC1=C1Nc2ccccc2OC1=O', 'O=C1OC(=Cc2ccco2)N=C1c1ccc(Cl)cc1']",26,-0.007701800000000036,210
O=C1OC(=O)C1=C(Nc1ccco1)c1ccc(Br)cc1,1,4.166666666666666,15,62.5,0.4242175,0.41792615,0.43883530000000004,"['O=C1OC(=O)C1=C(Nc1ccco1)c1ccc(Br)cc1', 'O=C(O)c1ccc(-c2oc(-c3ccccc3O)c3ccc(Br)cc23)cc1', 'CCN(CC)c1ccc(-c2oc(-c3ccccc3)c3ccccc23)cc1', 'CC(=O)c1ccc(-c2oc(-c3ccccc3)c3ccc(O)cc23)cc1', 'COCc1c(OC)cc(=O)oc1-c1oc(-c2ccccc2)c2ccccc12', 'COC(=O)c1ccc(-c2oc(-c3ccc(O)cc3)c3ccccc23)cc1', 'O=C1CC(=Cc2ccc(Br)cc2)N=C(c2ccccc2)O1', 'O=c1[nH]c2ccccc2s1', 'CC(=O)c1ccc(-c2oc(-c3ccc(Br)cc3)c3ccccc23)cc1', 'COCc1ccc(-c2oc(-c3ccccc3)c3ccc(Br)cc23)cc1', 'O=Cc1cc(-c2oc(-c3ccccc3)c3ccc(Br)cc23)oc1O', 'CCOc1ccc(-c2oc(-c3ccccc3)c3ccc(O)cc23)cc1O', 'O=Cc1ccc(-c2oc(-c3ccccc3O)c3ccc(Br)cc23)cc1', 'O=C1OC(c2ccc[nH]2)=NC1=C1Nc2ccccc2OC1=O']",20,-0.020909150000000043,210
COc1ccc(-c2oc(-c3ccc(O)cc3)c3ccccc23)cc1O,1,4.761904761904762,3,14.285714285714285,0.4407488,0.45111635,0.4390696,"['COc1ccc(-c2oc(-c3ccc(O)cc3)c3ccccc23)cc1O', 'COCc1ccc(-c2oc(-c3ccccc3)c3ccc(C)cc23)cc1']",25,0.012046749999999995,220
NC(=O)c1ccc(-c2oc(-c3ccc(F)cc3)c3ccccc23)cc1,1,4.761904761904762,2,9.523809523809524,0.4407488,0.4550829,0.4399092,['NC(=O)c1ccc(-c2oc(-c3ccc(F)cc3)c3ccccc23)cc1'],25,0.015173700000000012,220
NC(=O)c1ccc(-c2oc(-c3ccccc3)c3ccc(O)cc23)cc1,1,4.761904761904762,13,61.904761904761905,0.4407488,0.43380019999999997,0.4430641,"['NC(=O)c1ccc(-c2oc(-c3ccccc3)c3ccc(O)cc23)cc1', 'NC(=O)c1ccc(-c2oc(-c3cccs3)c3ccc(Br)cc23)cc1', 'COc1ccc(-c2oc(-c3ccccc3)c3ccc(Br)cc23)cc1OC', 'C=Cc1cc(-c2oc(-c3ccccc3)c3ccc(O)cc23)oc1O', 'CCc1ccc(-c2oc(-c3ccccc3)c3ccc(O)cc23)cc1', 'Cc1ccc(-c2oc(-c3ccc(C)cc3)c3cc(Br)ccc23)cc1', 'O=C1OC(c2cccs2)=NC1=Cc1ccco1', 'O=C1OC(c2ccco2)=NC1=Cc1cccs1', 'O=C1C=NC(=Cc2ccco2)C1', 'CCc1ccc(-c2oc(-c3ccccc3)c3ccc(OS(C)(=O)=O)cc23)cc1', 'CCOC(=O)c1cc(-c2oc(-c3ccc(Br)cc3)c3ccccc23)on1', 'O=C1OC(c2ccc(Cl)cc2)=NC1=Cc1ccc[nH]1']",25,-0.009263900000000047,220
COc1cc(OC)c(O)c(-c2oc(-c3ccccc3)c3ccccc23)c1,1,4.761904761904762,4,19.047619047619047,0.4407488,0.4316483,0.44190645,"['COc1cc(OC)c(O)c(-c2oc(-c3ccccc3)c3ccccc23)c1', 'O=C1OC(c2ccc[nH]2)=NC1=C(Nc1ccc[nH]1)c1ccco1', 'CCOC(=O)c1ccc(-c2oc(-c3ccccc3)c3ccc(OCC)cc23)cc1']",26,-0.010258150000000021,220
Cc1cc(-c2oc(-c3ccccc3)c3ccccc23)nc(=O)[nH]1,1,4.761904761904762,6,28.57142857142857,0.4369656,0.4353406,0.43949099999999997,"['Cc1cc(-c2oc(-c3ccccc3)c3ccccc23)nc(=O)[nH]1', 'CCCCOc1ccc(-c2oc(-c3ccccc3)c3ccc(O)cc23)cc1', 'O=C1OC(c2ccc[nH]2)=NC1=C(Nc1ccccn1)c1ccc[nH]1', 'CC(C)(C)c1ccc(-c2oc(-c3ccccc3)c3ccc(O)cc23)cc1', 'O=C1OC(c2ccc[nH]2)=NC1=Cc1ccco1']",23,-0.004150399999999943,230
O=C1OC(=C(Nc2ccco2)c2ccc(Br)cc2)N=C1c1ccccc1,1,4.761904761904762,2,9.523809523809524,0.4369656,0.4283546,0.43949099999999997,['O=C1OC(=C(Nc2ccco2)c2ccc(Br)cc2)N=C1c1ccccc1'],26,-0.01113639999999999,230
Cc1ccc(-c2oc(-c3ccc(Br)cc3)c3ccccc23)cc1,1,4.761904761904762,2,9.523809523809524,0.4369656,0.4908442,0.4361531,['Cc1ccc(-c2oc(-c3ccc(Br)cc3)c3ccccc23)cc1'],23,0.05469109999999999,230
O=C(CBr)c1ccc(-c2oc(-c3ccccc3)c3ccc(Br)cc23)cc1,1,4.761904761904762,12,57.14285714285714,0.4369656,0.4420164,0.4318476,"['O=C(CBr)c1ccc(-c2oc(-c3ccccc3)c3ccc(Br)cc23)cc1', 'O=C(CBr)c1ccc(-c2oc(-c3ccccc3)c3ccccc23)cc1', 'CS(=O)(=O)c1ccc(-c2oc(-c3ccc(F)cc3)c3ccccc23)cc1', 'O=C1NC(c2ccc[nH]2)=NC1=Cc1ccc[nH]1', 'O=C1NC(c2cccs2)=NC1=Cc1ccc[nH]1', 'NC(=O)c1ccc(-c2oc(-c3ccc(F)cc3)c3cccnc23)cc1', 'c1ccc(-c2cc(-c3ccccc3)on2)cc1', 'O=C1NC(c2ccco2)=NC1=Cc1ccco1', 'CSc1ccc(-c2oc(-c3ccccc3)c3ccc(O)cc23)cc1', 'O=Cc1ccc(-c2oc(-c3ccccc3F)c3ccccc23)cc1', 'CS(=O)(=O)c1ccc(-c2oc(-c3ccc(C#N)cc3)c3ccccc23)cc1']",26,0.010168799999999978,230
NC(=O)c1ccc(-c2oc(-c3ccccc3)c3ccccc23)cc1Cl,1,4.761904761904762,2,9.523809523809524,0.4369656,0.4664987,0.4361531,['NC(=O)c1ccc(-c2oc(-c3ccccc3)c3ccccc23)cc1Cl'],25,0.030345599999999973,230
O=C1OC(c2ccccc2)=NC1=Cc1ccc(O)cc1,1,5.0,4,20.0,0.42071625,0.4173365,0.4236021,"['O=C1OC(c2ccccc2)=NC1=Cc1ccc(O)cc1', 'O=C1CC(=Cc2ccco2)N=C(c2ccco2)N1', 'CC(=O)c1ccc(-c2oc(-c3ccccc3)c3ccc(C)cc23)cc1']",20,-0.006265599999999982,240
c1ccc(-c2ccnc(-c3ccc(-c4ccccc4)o3)c2)cc1,1,5.0,2,10.0,0.42071625,0.0818887,0.4236021,['c1ccc(-c2ccnc(-c3ccc(-c4ccccc4)o3)c2)cc1'],23,-0.3417134,240
Nc1ccc(-c2oc(-c3ccc(Br)cc3)c3ccccc23)cc1,1,5.0,3,15.0,0.42071625,0.44614545,0.41771919999999996,"['Nc1ccc(-c2oc(-c3ccc(Br)cc3)c3ccccc23)cc1', 'COCc1coc(-c2oc(-c3ccccc3)c3ccccc23)c1OC']",23,0.028426250000000042,240
C#Cc1ccc(-c2oc(-c3ccccc3)c3ccccc23)cc1,1,5.0,2,10.0,0.42071625,0.4538872,0.4178304,['C#Cc1ccc(-c2oc(-c3ccccc3)c3ccccc23)cc1'],23,0.0360568,240
CSc1ccc(-c2oc(-c3ccc(C)cc3)c3ccccc23)cc1,1,5.0,2,10.0,0.42071625,0.456766,0.4178304,['CSc1ccc(-c2oc(-c3ccc(C)cc3)c3ccccc23)cc1'],24,0.038935600000000015,240
O=C1Nc2ccc(Br)cc2C(=O)C1=Cc1ccccc1,1,5.0,12,60.0,0.42071625,0.4178304,0.4320448,"['O=C1Nc2ccc(Br)cc2C(=O)C1=Cc1ccccc1', 'O=C1NC(c2ccco2)=NC1=Cc1cccs1', 'Nc1ccc(-c2oc(-c3ccc(O)cc3)c3ccccc23)cc1', 'O=C1NC(c2ccc(Cl)cc2)=NC1=Cc1cccs1', 'C#CN=C1c2ccccc2-c2ccc(=O)oc21', 'O=Cc1ccc(-c2oc(-c3ccc(O)cc3)c3ccccc23)cc1', 'CC(=O)Nc1ccc(-c2oc(-c3ccccc3)c3ccc(C)cc23)cc1', 'O=C1OC(c2ccccc2)=NC1=C(Nc1ccccn1)c1ccco1', 'O=C(O)c1ccc(-c2oc(-c3ccccc3)c3ccc(Br)cc23)cc1', 'COc1ccc(-c2oc(-c3ccc(C)cc3)c3ccccc23)cc1', 'O=C1OC(c2ccc[nH]2)=NC1=Cc1ccc(O)cc1']",20,-0.014214400000000016,240
COc1cc(-c2oc(-c3ccccc3)c3ccccc23)oc1OC,1,5.0,3,15.0,0.44209355,0.2297067,0.44209355,"['COc1cc(-c2oc(-c3ccccc3)c3ccccc23)oc1OC', 'O=C1NC(c2nc[nH]n2)=NC1=Cc1cccs1']",24,-0.21238685,250
COc1ccc(-c2oc(-c3ccccc3)c3ccccc23)cc1,1,5.0,17,85.0,0.44209355,0.43852484999999997,0.46512335000000005,"['COc1ccc(-c2oc(-c3ccccc3)c3ccccc23)cc1', 'CC(C)(C)c1ccc(-c2oc(-c3ccc[nH]3)c3ccc(Br)cc23)cc1', 'COCc1ccc(-c2oc(-c3ccccc3)c3ccc(O)cc23)cc1OC', 'CC(=O)c1ccc(-c2oc(-c3ccccc3)c3ccc(N)cc23)cc1', 'CN(C)c1ccc(-c2oc(-c3ccccc3)c3ccc(Br)cc23)cc1', 'COC(=O)c1ccc(-c2oc(-c3ccccc3)c3ccc(O)cc23)cc1', 'O=C1NC(c2ccc[nH]2)=NC1=Cc1ccccc1Cl', 'C1=CC(Nc2ccccc2)=CC1=Cc1ccc(-c2ccco2)cc1', 'CSc1ccc(-c2oc(-c3ccccc3)c3ccc(C)cc23)cc1', 'CC(C)c1ccc(-c2oc(-c3ccccc3)c3ccc(Br)cc23)cc1', 'CC1(C)OC(=O)C(=Cc2oc(-c3ccccc3)c3ccccc23)O1', 'CCc1coc(-c2oc(-c3ccccc3)c3ccccc23)c1', 'COCc1coc(-c2oc(-c3ccccc3)c3ccc(O)cc23)c1', 'CC(C)(C)OC(=O)Nc1ccc(-c2oc(-c3ccccc3)c3ccccc23)cc1', 'CN(C)c1ccc(-c2oc(-c3ccccc3)c3ccc(O)cc23)cc1', 'CC(C)(C)c1ccc(-c2oc(-c3ccc(Br)cc3)c3ccccc23)cc1']",23,-0.02659850000000008,250
NC(=O)c1ccc(-c2oc(-c3ccccc3)c3ccccc23)cc1,1,5.0,2,10.0,0.44209355,0.4708333,0.4402162,['NC(=O)c1ccc(-c2oc(-c3ccccc3)c3ccccc23)cc1'],24,0.030617100000000008,250
N#Cc1ccc(-c2oc(-c3ccccc3)c3ccccc23)cc1,1,5.555555555555555,3,16.666666666666664,0.44518800000000003,0.4568578,0.44163145000000004,"['N#Cc1ccc(-c2oc(-c3ccccc3)c3ccccc23)cc1', 'COc1ccc(-c2oc(-c3ccccc3)c3ccc(C)cc23)cc1OC']",23,0.015226349999999944,260
COCc1ccc(-c2oc(-c3ccc(C)cc3)c3ccccc23)cc1,1,5.555555555555555,2,11.11111111111111,0.44518800000000003,0.4807698,0.4440353,['COCc1ccc(-c2oc(-c3ccc(C)cc3)c3ccccc23)cc1'],25,0.0367345,260
CCC(=O)c1ccc(-c2oc(-c3ccc(OC)cc3)c3ccccc23)cc1,1,5.555555555555555,2,11.11111111111111,0.44518800000000003,0.4345327,0.4463407,['CCC(=O)c1ccc(-c2oc(-c3ccc(OC)cc3)c3ccccc23)cc1'],27,-0.011807999999999985,260
O=C1NC(c2ccc(Cl)cc2)=NC1=Cc1ccco1,1,5.555555555555555,15,83.33333333333334,0.44518800000000003,0.44163145000000004,0.4568578,"['O=C1NC(c2ccc(Cl)cc2)=NC1=Cc1ccco1', 'NC(=O)c1ccc(-c2oc(-c3ccc(Cl)cc3)c3ccccc23)cc1', 'CCCCOCc1ccc(-c2oc(-c3ccccc3)c3ccccc23)cc1', 'O=Cc1coc(-c2oc(-c3ccccc3)c3ccccc23)c1', 'Cc1ccc(-c2oc(-c3ccc(S(C)(=O)=O)cc3)c3ccccc23)cc1', 'CN(C)c1ccc(-c2oc(-c3ccccc3)c3ccc(N)cc23)cc1', 'O=C1OC(c2ccccn2)=NC1=Cc1ccc(Br)cc1', 'O=C1NC(c2ccccc2)=NC1=Cc1cccs1', 'CC(C)(C)c1ccc(-c2oc(-c3ccc(-c4ccccc4)cc3)c3ccccc23)cc1', 'Nc1ccc(-c2oc(-c3ccccc3)c3ccc(Br)cc23)cc1', 'COCc1ccc(-c2oc(-c3ccccc3)c3cccc(OC)c23)cc1OC', 'O=C1CC(=Cc2ccccc2)N=C(c2ccco2)O1', 'Cc1coc(-c2oc(-c3ccccc3)c3cccc(Br)c23)c1', 'Cc1ccc(-c2oc(-c3ccc(C)cc3)c3ccccc23)cc1']",19,-0.015226349999999944,260
COCc1coc(-c2oc(-c3ccccc3)c3ccccc23)c1O,1,6.666666666666667,2,13.333333333333334,0.4137794,0.4447981,0.4126098,['COCc1coc(-c2oc(-c3ccccc3)c3ccccc23)c1O'],24,0.03218829999999995,270
O=C1C=C(Nc2ccccc2)C(=O)c2ccc([N+](=O)[O-])cc21,1,6.666666666666667,3,20.0,0.4137794,0.3496344,0.4137794,"['O=C1C=C(Nc2ccccc2)C(=O)c2ccc([N+](=O)[O-])cc21', 'CCOc1ccc(-c2oc(-c3ccccc3)c3ccccc23)o1']",22,-0.06414500000000001,270
O=C1OC(c2ccco2)=NC1=Cc1ccco1,1,6.666666666666667,2,13.333333333333334,0.4137794,0.4587099,0.4126098,['O=C1OC(c2ccco2)=NC1=Cc1ccco1'],17,0.04610009999999998,270
COc1ccc(-c2oc(-c3ccccc3)c3ccc(O)cc23)cc1OC,1,6.666666666666667,2,13.333333333333334,0.4137794,0.4386675,0.4126098,['COc1ccc(-c2oc(-c3ccccc3)c3ccc(O)cc23)cc1OC'],26,0.02605769999999996,270
S=C(Nc1ccc(Cl)cc1)n1nnc2ccccc21,1,6.666666666666667,9,60.0,0.4137794,0.36104455,0.4447981,"['S=C(Nc1ccc(Cl)cc1)n1nnc2ccccc21', 'Clc1ccc(C2=CC(c3ccccc3)=CC2=Cc2ccc(-c3ccc(Cl)cc3)o2)cc1', 'COc1ccc(-c2oc(-c3ccc(OC)cc3)c3cc(Br)ccc23)cc1', 'S=C(Nc1ccc(Cl)cc1)c1ccc(Cl)cc1Cl', 'COc1ccc(-c2oc(-c3ccc(O)cc3)c3ccccc23)cc1OC', 'O=C1NC(c2ccccc2)=NC1=Cc1ccccc1', 'CCc1ccc(-c2oc(-c3ccccc3)c3ccccc23)cc1', 'CN(C)c1ccc(-c2oc(-c3ccc(O)cc3)c3ccccc23)cc1']",19,-0.08375354999999995,270
CS(=O)(=O)c1ccc(-c2oc(-c3ccc(Br)cc3)c3ccccc23)s1,1,6.666666666666667,2,13.333333333333334,0.4137794,0.4495057,0.4126098,['CS(=O)(=O)c1ccc(-c2oc(-c3ccc(Br)cc3)c3ccccc23)s1'],25,0.03689589999999998,270
O=C(CBr)c1ccc(-c2oc(-c3ccc(Cl)cc3)c3ccccc23)cc1,1,3.8461538461538463,2,7.6923076923076925,0.44504265,0.4352809,0.4457386,['O=C(CBr)c1ccc(-c2oc(-c3ccc(Cl)cc3)c3ccccc23)cc1'],26,-0.010457699999999959,280
CCC(C)c1ccc(-c2oc(-c3ccccc3Br)c3ccc(O)cc23)cc1,1,3.8461538461538463,2,7.6923076923076925,0.44504265,0.4236582,0.4457386,['CCC(C)c1ccc(-c2oc(-c3ccccc3Br)c3ccc(O)cc23)cc1'],27,-0.0220804,280
COCc1oc(-c2oc(-c3ccc(O)cc3)c3ccccc23)c(OC)c1[N+](=O)[O-],1,3.8461538461538463,2,7.6923076923076925,0.44504265,0.3898167,0.4457386,['COCc1oc(-c2oc(-c3ccc(O)cc3)c3ccccc23)c(OC)c1[N+](=O)[O-]'],29,-0.05592189999999997,280
O=C1NC(c2ccc[nH]2)=NC1=Cc1ccccc1,1,3.8461538461538463,17,65.38461538461539,0.44504265,0.4480628,0.43981380000000003,"['O=C1NC(c2ccc[nH]2)=NC1=Cc1ccccc1', 'O=C1C(=Cc2ccco2)N=C(c2ccc(O)cc2)N=C1c1ccccc1', 'CS(=O)(=O)c1ccc(-c2oc(-c3ccc(Br)cc3)c3ccccc23)cc1', 'COCc1coc(-c2oc(-c3ccccc3)c3ccccc23)c1', 'CCOc1ccc(-c2oc(-c3ccc(Br)cc3)c3ccccc23)cc1Br', 'CS(=O)(=O)c1ccc(-c2oc(-c3ccc(Br)cc3)c3ccccc23)o1', 'CCOC(=O)c1ccc(-c2oc(-c3ccc(Br)cc3)c3ccccc23)cc1', 'O=C1OC(c2ccccc2)=NC1=Cc1ccccc1Br', 'O=C1C=NC(c2ccc(Br)cc2)=NC1=CSc1ccc(-c2ccccc2)cc1', 'Cc1ccc(-c2oc(-c3ccc(Br)cc3)c3ccc(Br)cc23)cc1', 'COCCOCc1ccc(-c2oc(-c3ccccc3)c3ccccc23)cc1O', 'Nc1ccc(-c2oc(-c3ccc(F)cc3)c3ccccc23)o1', 'Cc1ccc(-c2oc(-c3ccc(N)cc3)c3ccc(Br)cc23)cc1', 'NC(=O)c1ccc(-c2oc(-c3ccccc3)c3ccc(Br)cc23)cc1', 'CCOc1ccc(-c2oc(-c3ccc(C)cc3)c3ccccc23)cc1Br', 'COCc1ccc(-c2oc(-c3ccccc3)c3ccc(O)cc23)cc1']",18,0.00824899999999995,280
CS(=O)(=O)c1sc(-c2oc(-c3ccc(Cl)cc3)c3ccccc23)nc1Br,1,3.8461538461538463,3,11.538461538461538,0.44504265,0.4500982,0.44050975000000003,"['CS(=O)(=O)c1sc(-c2oc(-c3ccc(Cl)cc3)c3ccccc23)nc1Br', 'CSc1ccc(-c2oc(-c3ccc(C)cc3)c3ccccc23)o1']",26,0.00958844999999997,280
O=Cc1ccc(-c2oc(-c3ccccc3)c3ccccc23)cc1,1,5.0,20,100.0,0.4489527,0.4509397,0.4079234,"['O=Cc1ccc(-c2oc(-c3ccccc3)c3ccccc23)cc1', 'CS(=O)(=O)c1ccc(-c2oc(-c3ccc(O)cc3)c3ccccc23)cc1', 'CCc1ccc(-c2oc(-c3ccc(C)cc3)c3ccccc23)cc1Br', 'CCc1ccc(-c2oc(-c3ccc(N)cc3)c3ccccc23)cc1', 'CCN(CC)c1ccc(-c2oc(-c3ccc(Br)cc3)c3ccccc23)cc1', 'CCc1ccc(-c2oc(-c3ccc(OC)cc3)c3ccccc23)cc1', 'CN(C)c1ccc(-c2oc(-c3ccc(Br)cc3)c3ccccc23)cc1', 'NC(=O)c1ccc(-c2oc(-c3ccccc3)c3ccccc23)cc1O', 'CN(C)c1ccc(-c2oc(-c3ccc(F)cc3)c3ccccc23)cc1', 'CCOC(=O)c1cc(-c2oc(-c3ccccc3)c3ccccc23)oc1O', 'CCOc1ccc(-c2oc(-c3ccc(N)cc3)c3ccccc23)cc1', 'COC(=O)c1ccc(-c2oc(-c3ccc(Br)cc3)c3ccccc23)cc1', 'CCC(=O)c1ccc(-c2oc(-c3ccc(N(C)C)cc3)c3ccccc23)cc1', 'COCc1ccc(-c2oc(-c3ccc(Br)cc3)c3ccccc23)cc1Br', 'O=Cc1ccc(-c2oc(-c3ccccc3F)c3ccccc23)cc1Cl', 'COCc1ccc(-c2oc(-c3ccccc3)c3ccc(F)cc23)cc1', 'O=C1OC(=Cc2ccco2)N=C1C1=C(c2ccccc2)OC1=O', 'COc1ccc(-c2oc(-c3ccc(N)cc3)c3ccccc23)cc1OC', 'COc1ccc(-c2oc(-c3ccc(OC)c(OC)c3)c3ccccc23)cc1']",23,0.04301630000000001,290
O=Cc1ccc(-c2oc(-c3ccc(Br)cc3)c3ccccc23)cc1Br,1,5.0,2,10.0,0.4489527,0.4079234,0.4509397,['O=Cc1ccc(-c2oc(-c3ccc(Br)cc3)c3ccccc23)cc1Br'],25,-0.04301630000000001,290
N#Cc1ccc(-c2oc(-c3ccc(Cl)cc3)c3ccccc23)cc1O,1,5.88235294117647,3,17.647058823529413,0.4399878,0.3873312,0.4425999,"['N#Cc1ccc(-c2oc(-c3ccc(Cl)cc3)c3ccccc23)cc1O', 'O=C1CC(c2ccco2)=NC1=Cc1cccs1']",25,-0.055268700000000004,300
O=C(CBr)c1ccc(-c2oc(-c3cccs3)c3ccccc23)cc1,1,5.88235294117647,4,23.52941176470588,0.4399878,0.4257652,0.44129385,"['O=C(CBr)c1ccc(-c2oc(-c3cccs3)c3ccccc23)cc1', 'N#Cc1ccc(-c2oc(-c3ccccc3)c3ccc(Br)cc23)cc1', 'O=C1CC(c2ccco2)=NC1=Cc1cccs1']",24,-0.015528649999999977,300
Cc1ccc(-c2oc(-c3ccc(N)cc3)c3ccccc23)cc1,1,5.88235294117647,12,70.58823529411765,0.4399878,0.4425999,0.4375589,"['Cc1ccc(-c2oc(-c3ccc(N)cc3)c3ccccc23)cc1', 'CC1=NC(=Cc2ccco2)OC1=O', 'COc1ccc(-c2oc(-c3ccc(O)cc3)c3cccnc23)cc1O', 'O=C1NC(c2ccco2)=NC1=Cc1ccc[nH]1', 'CC(C)(C)OC(=O)Nc1oc(-c2ccccc2)c2ccccc12', 'O=C1COC(c2ccco2)=NC1=Cc1ccco1', 'CCCCOc1ccc(-c2oc(-c3ccc(Cl)cc3)c3ccccc23)cc1', 'CS(=O)(=O)Oc1ccc(-c2oc(-c3ccccc3)c3ccccc23)o1', 'CCN(CC)c1ccc(-c2oc(-c3ccc(O)cc3)c3ccccc23)cc1', 'CC(=O)Nc1ccc(-c2oc(-c3ccccc3)c3ccccc23)cc1', 'CC(=O)Oc1ccc(-c2oc(-c3ccccc3)c3ccccc23)cc1']",23,0.005041000000000018,300
CCOc1ccc(-c2oc(-c3ccc(O)cc3)c3ccccc23)cc1,1,5.88235294117647,12,70.58823529411765,0.4399878,0.4399878,0.44258845,"['CCOc1ccc(-c2oc(-c3ccc(O)cc3)c3ccccc23)cc1', 'CC1=NC(=Cc2ccco2)OC1=O', 'COc1ccc(-c2oc(-c3ccc(O)cc3)c3cccnc23)cc1O', 'O=C1NC(c2ccco2)=NC1=Cc1ccc[nH]1', 'CC(C)(C)OC(=O)Nc1oc(-c2ccccc2)c2ccccc12', 'O=C1COC(c2ccco2)=NC1=Cc1ccco1', 'CCCCOc1ccc(-c2oc(-c3ccc(Cl)cc3)c3ccccc23)cc1', 'CS(=O)(=O)Oc1ccc(-c2oc(-c3ccccc3)c3ccccc23)o1', 'CCN(CC)c1ccc(-c2oc(-c3ccc(O)cc3)c3ccccc23)cc1', 'CC(=O)Nc1ccc(-c2oc(-c3ccccc3)c3ccccc23)cc1', 'CC(=O)Oc1ccc(-c2oc(-c3ccccc3)c3ccccc23)cc1']",25,-0.0026006500000000377,300
COn1c(-c2oc(-c3ccccc3)nc2-c2ccccc2)noc1=O,1,5.0,2,10.0,0.4535104,0.0499875,0.4549552,['COn1c(-c2oc(-c3ccccc3)nc2-c2ccccc2)noc1=O'],25,-0.4049677,310
O=C1OC(=C2Nc3cc(Cl)ccc3OC2=O)N=C1c1ccc(Cl)cc1,1,5.0,3,15.0,0.4535104,0.43433495,0.4535104,"['O=C1OC(=C2Nc3cc(Cl)ccc3OC2=O)N=C1c1ccc(Cl)cc1', 'COc1cc(-c2oc(-c3ccccc3)c3ccc(C)cc23)co1']",25,-0.019175449999999983,310
NC(=O)C1Cc2ccccc2Oc2ccc(Cl)cc21,1,5.0,3,15.0,0.4535104,0.22494530000000001,0.4577171,"['NC(=O)C1Cc2ccccc2Oc2ccc(Cl)cc21', 'O=C(CBr)c1ccc(-c2oc(-c3ccccc3)c3ccccc23)cc1Cl']",19,-0.23277179999999997,310
NC(=O)c1ccc(-c2oc(-c3ccc(Br)cc3)c3ccccc23)cc1,1,5.0,2,10.0,0.4535104,0.461634,0.4520656,['NC(=O)c1ccc(-c2oc(-c3ccc(Br)cc3)c3ccccc23)cc1'],25,0.009568399999999977,310
N#Cc1c(-c2ccco2)oc(-c2ccc(Cl)cc2)c1Br,1,5.0,13,65.0,0.4535104,0.45037835000000004,0.4617167,"['N#Cc1c(-c2ccco2)oc(-c2ccc(Cl)cc2)c1Br', 'Cc1ccc(-c2oc(-c3ccc(S(C)(=O)=O)o3)c3ccccc23)cc1', 'N#Cc1ccc(-c2oc(-c3ccccc3)c3ccccc23)cc1Cl', 'Cc1ccc(-c2oc(-c3ccccc3)c3ccc(Br)cc23)cc1Cl', 'CCOC(=O)c1cc(-c2oc(-c3ccc(Cl)cc3)c3ccccc23)oc1O', 'O=C1OC(c2ccco2)=NC1=C(Nc1ccccn1)c1ccccc1', 'O=C1OC(c2ccccc2Cl)=NC1=Cc1ccco1', 'Nc1ccc(-c2oc(-c3ccccc3)c3ccccc23)cc1Cl', 'CNc1ccc(-c2oc(-c3ccccc3)c3ccccc23)cc1O', 'O=C1OC(c2ccco2)=NC1=C1Nc2ccccc2OC1=O', 'N#CC1C(=O)N(c2ccccc2)C(=C(Br)Br)c2ccccc21', 'O=C(CBr)c1ccc(-c2oc(-c3ccccc3)c3ccccc23)cc1Cl']",20,-0.011338349999999942,310
CC(C)OCc1ccc(-c2oc(-c3ccccc3)c3ccccc23)cc1,1,5.0,2,10.0,0.4535104,0.4617994,0.4520656,['CC(C)OCc1ccc(-c2oc(-c3ccccc3)c3ccccc23)cc1'],26,0.009733800000000015,310
CCC(=O)Oc1ccc(-c2oc(-c3ccc(OC)cc3)c3ccccc23)o1,1,5.263157894736842,2,10.526315789473683,0.4462453,0.4120571,0.44751315,['CCC(=O)Oc1ccc(-c2oc(-c3ccc(OC)cc3)c3ccccc23)o1'],27,-0.03545605000000002,320
CCOC(=O)c1ccc(-c2oc(-c3ccc(N)cc3)c3ccccc23)cc1,1,5.263157894736842,3,15.789473684210526,0.4462453,0.4205445,0.448781,"['CCOC(=O)c1ccc(-c2oc(-c3ccc(N)cc3)c3ccccc23)cc1', 'CC(C)(C)c1ccc(-c2oc(-c3ccc(C#N)cc3)c3ccccc23)cc1']",27,-0.028236499999999998,320
CCOC(=O)c1cc(-c2oc(-c3ccccc3)c3ccccc23)oc1OCC,1,5.263157894736842,16,84.21052631578947,0.4462453,0.448781,0.4266057,"['CCOC(=O)c1cc(-c2oc(-c3ccccc3)c3ccccc23)oc1OCC', 'CCCc1ccc(-c2oc(-c3ccc(Cl)cc3)c3ccccc23)cc1', 'COc1ccc(-c2oc(-c3ccccc3)c3ccc(Br)cc23)cc1', 'CC(C)(C)c1ccc(-c2oc(-c3ccc(Cl)cc3)c3ccccc23)cc1', 'O=C1OC(c2ccc(Cl)cc2)=NC1=Cc1ccco1', 'COc1cc(-c2oc(-c3ccccc3)c3ccc(Br)cc23)oc1OC', 'CC(=O)N(Cc1ccc(-c2oc(-c3ccc(F)cc3)c3ccccc23)o1)c1ccc(C)cc1', 'COC(=O)c1ccc(-c2oc(-c3ccc(Cl)cc3)c3ccccc23)cc1', 'COc1ccc(-c2oc(-c3ccccc3)c3ccc(Cl)cc23)cc1O', 'COCc1ccc(-c2oc(-c3ccc(O)cc3)c3ccccc23)cc1', 'CCN(CC)c1ccc(-c2oc(-c3ccc(OC)cc3)c3ccccc23)cc1', 'COc1ccc(-c2oc(-c3ccccc3)c3ccccc23)cc1OO', 'CC(C)c1ccc(C(=O)O)c(-c2ccccc2)n1', 'O=C1OC(c2ccccc2)=NC1=Cc1ccc[nH]1', 'COC(=O)c1cc(-c2oc(-c3ccccc3)c3ccccc23)oc1OC']",28,0.02217530000000001,320
CS(=O)(=O)c1ccc(-c2oc(-c3ccc(Cl)cc3)c3ccccc23)cc1,1,4.166666666666666,2,8.333333333333332,0.44498519999999997,0.4769152,0.4425749,['CS(=O)(=O)c1ccc(-c2oc(-c3ccc(Cl)cc3)c3ccccc23)cc1'],26,0.03434029999999999,330
CC(C)Oc1ccc(-c2oc(-c3ccccc3)c3ccccc23)cc1,1,4.166666666666666,22,91.66666666666666,0.44498519999999997,0.4425749,0.4593126,"['CC(C)Oc1ccc(-c2oc(-c3ccccc3)c3ccccc23)cc1', 'CS(=O)(=O)c1ccc(-c2oc(-c3ccc(Cl)cc3)c3ccccc23)o1', 'COc1cc(-c2oc(-c3ccc(Br)cc3)c3ccccc23)oc1OC', 'COCc1oc(-c2oc(-c3ccccc3)c3ccc(Br)cc23)cc1OC', 'OC(c1ccccc1)c1ccc(-c2oc(-c3ccc(F)cc3)c3ccccc23)cc1', 'O=C(O)c1ccc(-c2oc(-c3ccc(Cl)cc3)c3ccccc23)cc1', 'CC(C)(C)OC(=O)c1ccc(-c2oc(-c3ccccc3)c3ccccc23)cc1', 'COc1ccc(-c2oc(-c3ccc(OC(=O)O)c(OC)c3)c3ccccc23)cc1', 'COc1ccc(-c2oc(-c3ccc(F)cc3)c3ccccc23)cc1', 'COc1nc(-c2oc(-c3ccccc3)c3ccccc23)no1', 'COc1ccc(-c2oc(-c3ccc(OC)c(O)c3)c3ccccc23)cc1', 'CCOC(=O)c1ccc(-c2oc(-c3ccc(Cl)cc3)c3ccccc23)cc1', 'CCOC(=O)c1ccc(-c2oc(-c3ccc(N(C)C)cc3)c3ccccc23)cc1', 'CC(C)(C)OC(=O)c1ccc(-c2oc(-c3ccc(F)cc3)c3ccccc23)cc1', 'CCC(=O)Oc1ccc(-c2oc(-c3ccc(OC)cc3)c3ccc(OC)cc23)cc1', 'CS(=O)(=O)c1ccc(-c2oc(-c3ccc(N)cc3)c3ccccc23)cc1', 'O=C1OC(c2ccco2)=NC1=Cc1ccc[nH]1', 'CCOC(=O)c1ccc(-c2oc(-c3ccc([N+](=O)[O-])cc3)c3ccccc23)cc1', 'CC(C)c1ccc(-c2oc(-c3ccc([N+](=O)[O-])cc3)c3ccccc23)cc1', 'Cc1cc(-c2oc(-c3ccc([N+](=O)[O-])cc3)c3ccccc23)no1', 'CC(=O)c1ccc(-c2oc(-c3ccc(Cl)cc3)c3ccc(Br)cc23)cc1']",25,-0.016737700000000022,330
CCc1cc(-c2oc(-c3ccc(OC)cc3)c3ccccc23)no1,1,4.166666666666666,2,8.333333333333332,0.4518237,0.4074997,0.4523115,['CCc1cc(-c2oc(-c3ccc(OC)cc3)c3ccccc23)no1'],24,-0.04481179999999996,340
CS(=O)(=O)c1cnc(-c2oc(-c3ccccc3)c3ccccc23)s1,1,4.166666666666666,21,87.5,0.4518237,0.45097995,0.46839085,"['CS(=O)(=O)c1cnc(-c2oc(-c3ccccc3)c3ccccc23)s1', 'CCOC(=O)c1ccc(-c2oc(-c3ccccc3)c3ccccc23)cc1', 'CC(C)(C)c1ccc(-c2oc(-c3ccc([N+](=O)[O-])cc3)c3ccccc23)cc1', 'CC(C)(C)c1ccc(-c2oc(-c3ccc(F)cc3)c3ccccc23)cc1', 'COCc1oc(-c2oc(-c3ccccc3)c3ccccc23)cc1OC', 'FC(F)(Br)c1ccc(-c2oc(-c3ccccc3)c3ccccc23)cc1', 'C#CCOc1ccc(-c2oc(-c3ccc(C)cc3)c3ccccc23)cc1OC', 'CS(=O)(=O)c1ccc(-c2oc(-c3ccc([N+](=O)[O-])cc3)c3ccccc23)s1', 'CC(C)c1ccc(-c2oc(-c3ccc(-c4ccc(Cl)cc4)cc3)c3ccccc23)cc1', 'Nc1ccc(-c2oc(-c3ccc(F)cc3)c3ccccc23)cc1', 'O=C1OC(=Cc2ccco2)N=C1c1ccccc1', 'COC(=O)c1ccc(-c2oc(-c3ccc(OC)cc3)c3ccccc23)cc1', 'CS(=O)(=O)c1ccc(-c2oc(-c3ccc(O)cc3)c3ccccc23)o1', 'CC(=O)Oc1ccc(-c2oc(-c3ccc(Cl)cc3)c3ccccc23)cc1', 'Cc1cc(-c2oc(-c3ccccc3)c3ccc(Br)cc23)no1', 'CC(C)(C)OC(=O)c1ccc(-c2oc(-c3ccc(Br)cc3)c3ccccc23)cc1', 'CC(C)c1ccc(-c2oc(-c3ccc(Cl)cc3)c3ccccc23)cc1', 'O=C(CBr)c1ccc(-c2oc(-c3ccc(F)cc3)c3ccccc23)cc1', 'CC(C)OCc1ccc(-c2oc(-c3ccc(F)cc3)c3ccccc23)cc1', 'CSc1ccc(-c2oc(-c3ccccc3)c3ccc(C)cc23)o1']",24,-0.017410900000000007,340
CCOC(=O)c1ccc(-c2oc(-c3ccc(C)cc3)c3ccccc23)cc1,1,5.0,2,10.0,0.4475808,0.4477855,0.4473761,['CCOC(=O)c1ccc(-c2oc(-c3ccc(C)cc3)c3ccccc23)cc1'],27,0.0004094000000000042,350
CCOC(=O)c1ccc(-c2oc(-c3ccc(C)cc3)c3ccccc23)o1,1,5.0,20,100.0,0.4475808,0.4473761,0.4477855,"['CCOC(=O)c1ccc(-c2oc(-c3ccc(C)cc3)c3ccccc23)o1', 'CC(C)c1ccc(-c2oc(-c3ccccc3)c3ccccc23)cc1', 'COCc1ccc(-c2oc(-c3ccccc3)c3ccccc23)cc1OC', 'Fc1ccc(-c2cc(-c3oc(-c4ccccc4)c4ccccc34)cc(C(F)(F)F)n2)cc1', 'COC(=O)c1cc(-c2oc(-c3ccccc3)c3ccccc23)no1', 'CCc1ccc(-c2oc(-c3ccc(Cl)cc3)c3ccccc23)cc1', 'CS(=O)(=O)c1ccc(-c2oc(-c3ccccc3)c3ccccc23)s1', 'Cc1cc(-c2oc(-c3ccccc3)c3ccccc23)no1', 'COc1cc(-c2oc(-c3ccccc3)c3ccccc23)co1', 'COCc1ccc(-c2oc(-c3ccc(Br)cc3)c3ccccc23)cc1', 'CCOC(=O)c1ccc(-c2oc(-c3ccc(OC)cc3)c3ccccc23)cc1', 'CS(=O)(=O)c1ccc(-c2oc(-c3ccc([N+](=O)[O-])cc3)c3ccccc23)o1', 'O=C(CBr)c1ccc(-c2oc(-c3ccc(Br)cc3)c3ccccc23)cc1', 'O=C1OC(=Cc2ccco2)N=C1c1ccc(Br)cc1', 'CS(=O)(=O)c1ccc(-c2oc(-c3ccc(F)cc3)c3ccccc23)o1', 'O=C(O)c1ccc(-c2oc(-c3ccc(F)cc3)c3ccccc23)cc1', 'COc1ccc(-c2oc(-c3ccccc3)c3ccccc23)cc1OBr', 'CCc1ccc(-c2oc(-c3ccc(NC)cc3)c3ccccc23)cc1', 'NC(=O)Oc1ccc(-c2oc(-c3ccc([N+](=O)[O-])cc3)c3ccccc23)cc1']",26,-0.0004094000000000042,350
CNc1ccc(-c2oc(-c3ccc(COC)cc3)c3ccccc23)cc1,1,4.3478260869565215,4,17.391304347826086,0.4571552,0.4386947,0.45719944999999995,"['CNc1ccc(-c2oc(-c3ccc(COC)cc3)c3ccccc23)cc1', 'COc1ccc(-c2oc(-c3ccccc3)c3ccccc23)cc1OS(=O)(=O)c1ccc(C)cc1', 'CC(=O)Oc1ccc(-c2oc(-c3ccc(C)cc3)c3ccccc23)cc1']",26,-0.01850474999999996,360
CCc1oc(-c2ccccc2)c2c1C(=O)O2,1,4.3478260869565215,2,8.695652173913043,0.4571552,0.0182232,0.45719944999999995,['CCc1oc(-c2ccccc2)c2c1C(=O)O2'],16,-0.43897624999999996,360
CSc1ccc(-c2oc(-c3ccc(Cl)cc3)c3ccccc23)o1,1,5.555555555555555,2,11.11111111111111,0.44922305,0.4512916,0.4471545,['CSc1ccc(-c2oc(-c3ccc(Cl)cc3)c3ccccc23)o1'],23,0.004137100000000005,370
Cc1ccc(-c2oc(-c3ccccc3)c3ccccc23)cc1Cl,1,5.555555555555555,18,100.0,0.44922305,0.4471545,0.4512916,"['Cc1ccc(-c2oc(-c3ccccc3)c3ccccc23)cc1Cl', 'O=C1C=NC(=Cc2oc(-c3ccccc3)c3cccnc23)O1', 'CCOC(=O)c1cc(-c2oc(-c3ccc(C)cc3)c3ccccc23)no1', 'CSc1ccc(-c2oc(-c3ccc(SC)s3)c3ccccc23)cc1', 'CC(C)(C)C(=O)Oc1ccc(-c2oc(-c3ccccc3)c3ccccc23)cc1', 'CC(=O)Oc1ccc(-c2oc(-c3ccccc3)c3ccc(O)cc23)cc1', 'O=C1OC(=Cc2ccco2)N=C1c1ccc(O)cc1', 'COSc1ccc(-c2oc(-c3ccccc3)c3ccccc23)o1', 'CCOc1ccc(-c2oc(-c3ccc(Br)cc3)c3ccccc23)cc1', 'Cc1ccc(-c2oc(-c3ccccc3)c3ccc(Br)cc23)cc1Br', 'NC(=O)Oc1ccc(-c2oc(-c3ccc(O)cc3)c3ccccc23)cc1', 'COc1ccc(-c2oc(-c3ccc(O)cc3)c3ccccc23)cc1', 'CCOC(=O)Oc1ccc(-c2oc(-c3ccc(C)cc3)c3ccccc23)o1', 'COC(=O)Oc1ccc(-c2oc(-c3ccccc3)c3ccc(OC)cc23)cc1', 'COCc1cc(-c2oc(-c3ccccc3)c3ccccc23)no1', 'Cc1ccc(-c2oc(-c3ccccc3)c3ccccc23)s1', 'CCNc1ccc(-c2oc(-c3ccccc3)c3ccccc23)s1']",23,-0.004137100000000005,370
Nc1ccc(-c2oc(-c3ccccc3)c3ccccc23)s1,1,2.7777777777777777,37,102.77777777777777,0.44984275,0.44984275,,"['Nc1ccc(-c2oc(-c3ccccc3)c3ccccc23)s1', 'CCOC(=O)c1ccc(-c2oc(-c3ccc(OC)cc3)c3ccccc23)o1', 'CS(=O)(=O)c1ccc(-c2oc(-c3ccccc3)c3ccc(Br)cc23)o1', 'CC(C)(C)c1ccc(-c2oc(-c3ccccc3)c3ccccc23)cc1', 'CCc1ccc(-c2oc(-c3ccccc3)c3ccc(C)cc23)cc1Cl', 'COC(=O)Oc1ccc(-c2oc(-c3ccccc3)c3ccccc23)o1', 'CC(C)(C)c1ccc(-c2oc(-c3ccc(Br)cc3)c3ccccc23)s1', 'CC(C)(C)c1ccc(-c2oc(-c3ccc(N)cc3)c3ccccc23)s1', 'CC(C)(C)c1ccc(-c2oc(-c3ccccc3)c3ccccc23)s1', 'NC(=O)Oc1ccc(-c2oc(-c3ccc(N)cc3)c3ccccc23)o1', 'CS(=O)(=O)c1ccc(-c2oc(-c3ccc(N)cc3)c3ccccc23)o1', 'CSc1ccc(-c2oc(-c3ccccc3)c3ccccc23)s1', 'CC(C)(C)c1ccc(-c2oc(-c3ccc([N+](=O)[O-])cc3)c3ccccc23)o1', 'COCc1ccc(-c2oc(-c3ccc(F)cc3)c3ccccc23)cc1', 'Cc1ccc(-c2oc(-c3ccccc3)c3ccc(N)cc23)cc1', 'Cc1ccc(-c2oc(-c3ccc(N)cc3)c3ccccc23)o1', 'CC(=O)Oc1ccc(-c2oc(-c3ccc(N)cc3)c3ccccc23)cc1', 'Nc1ccc(-c2oc(-c3ccccc3)c3ccccc23)cc1Br', 'CSc1ccc(-c2oc(-c3ccc(N)cc3)c3ccccc23)o1', 'COCc1ccc(-c2oc(-c3ccccc3)c3ccccc23)o1', 'CCc1ccc(-c2oc(-c3ccccc3)c3ccccc23)s1', 'CS(=O)(=O)c1ccc(-c2oc(-c3ccc(F)cc3)c3ccccc23)s1', 'CCOC(=O)c1ccc(-c2oc(-c3ccc(OC)o3)c3ccccc23)o1', 'COCc1ccc(-c2oc(-c3ccccc3)c3ccc(N)cc23)cc1', 'CCC(=O)Oc1ccc(-c2oc(-c3ccc(NC)cc3)c3ccccc23)o1', 'COc1ccc(-c2oc(-c3ccc(Br)cc3)c3ccccc23)cc1O', 'CC(C)c1ccc(-c2oc(-c3ccccc3)c3ccccc23)s1', 'Nc1ccc(-c2oc(-c3ccc(F)cc3)c3ccccc23)cc1Cl', 'O=Cc1ccc(-c2oc(-c3ccccc3)c3ccc([N+](=O)[O-])cc23)cc1Cl', 'NC(=O)Oc1ccc(-c2oc(-c3ccccc3)c3ccccc23)s1', 'Cc1ccc(-c2oc(-c3ccc(O)cc3)c3ccccc23)cc1', 'CS(=O)(=O)c1ccc(-c2oc(-c3ccc(N)cc3)c3ccccc23)s1', 'CCOc1ccc(-c2oc(-c3ccccc3)c3ccc(Cl)cc23)cc1', 'CCC(=O)Oc1ccc(-c2oc(-c3ccccc3)c3ccccc23)s1', 'COCc1ccc(-c2oc(-c3ccc(O)cc3)c3ccccc23)o1', 'Nc1ccc(-c2oc(-c3ccccc3)c3cc(Br)ccc23)cc1Br']",21,,380
CSc1ccc(-c2oc(-c3ccccc3)c3ccc(N)cc23)o1,1,5.555555555555555,2,11.11111111111111,0.45011585,0.4251924,0.4505135,['CSc1ccc(-c2oc(-c3ccccc3)c3ccc(N)cc23)o1'],23,-0.025321099999999985,390
COc1cc(C)c(-c2oc(-c3ccccc3)c3ccccc23)c(C)c1,1,5.555555555555555,2,11.11111111111111,0.45011585,0.4497182,0.4505135,['COc1cc(C)c(-c2oc(-c3ccccc3)c3ccccc23)c(C)c1'],25,-0.0007952999999999988,390
CN(C)c1ccc(-c2oc(-c3ccccc3)c3ccccc23)s1,1,5.555555555555555,16,88.88888888888889,0.45011585,0.4505135,0.4497182,"['CN(C)c1ccc(-c2oc(-c3ccccc3)c3ccccc23)s1', 'COC(=O)Oc1ccc(-c2oc(-c3ccc(C)cc3)c3ccccc23)cc1', 'O=C1C(=Cc2ccco2)N=C1c1cccc([N+](=O)[O-])c1', 'CCOC(=O)Oc1ccc(-c2oc(-c3ccccc3)c3ccccc23)cc1', 'CC(=O)Oc1ccc(-c2oc(-c3ccc(F)cc3)c3ccccc23)cc1', 'COc1ccc(-c2oc(-c3ccccc3)c3cc(O)ccc23)cc1', 'Clc1ccc(-c2oc(-c3ccccc3)c3ccccc23)cc1Cl', 'CCc1ccc(-c2oc(-c3ccccc3)c3ccc(C)cc23)cc1', 'O=C1OC(c2ccc(Cl)cc2)=NC1=C(Nc1ccccn1)c1ccco1', 'O=C1OC(c2ccccc2)=NC1=Cc1ccccn1', 'COOc1ccc(-c2oc(-c3ccccc3)c3cc(Br)ccc23)cc1', 'COC(=O)Oc1ccc(-c2oc(-c3ccccc3)c3ccccc23)s1', 'COc1ccc2c(-c3ccccc3)oc(-c3ccc(SC)o3)c2c1', 'CCOC(=O)c1ccc(-c2oc(-c3ccccc3)c3ccccc23)s1', 'Cc1ccc(-c2oc(-c3ccccc3)c3cc(Br)ccc23)cc1']",23,0.0007952999999999988,390
Cc1ccc(-c2oc(-c3ccccc3)c3ccc(Cl)cc23)cc1,1,5.555555555555555,2,11.11111111111111,0.45011585,0.4678465,0.4497182,['Cc1ccc(-c2oc(-c3ccccc3)c3ccc(Cl)cc23)cc1'],23,0.018128299999999986,390
CCOc1ccc(-c2oc(-c3ccc(OC)cc3)c3ccccc23)cc1,1,3.7037037037037033,2,7.4074074074074066,0.4433232,0.4560569,0.44170805,['CCOc1ccc(-c2oc(-c3ccc(OC)cc3)c3ccccc23)cc1'],26,0.014348849999999969,400
COCc1ccc(-c2oc(-c3ccccc3)c3cc(F)ccc23)cc1,1,3.7037037037037033,9,33.33333333333333,0.4433232,0.4488016,0.4433232,"['COCc1ccc(-c2oc(-c3ccccc3)c3cc(F)ccc23)cc1', 'CCC(=O)Oc1ccc(-c2oc(-c3ccccc3)c3ccccc23)cc1', 'COC1COC(=O)c2oc(-c3ccccc3)c(O)c2O1', 'COOc1ccc(-c2oc(-c3ccccc3)c3ccccc23)cc1OC', 'COC(=O)Oc1ccc(-c2oc(-c3ccccc3)c3ccccc23)cc1', 'COc1ccc(-c2oc(-c3cccnc3)c3ccccc23)cc1O', 'COc1ccc(-c2oc(-c3ccccc3)c3cccc(OC)c23)cc1', 'Cc1cc(-c2oc(-c3ccc(N)cc3)c3ccccc23)no1']",25,0.00547840000000005,400
CS(=O)(=O)c1ccc(-c2oc(-c3ccccc3)c3ccc(N)cc23)o1,1,3.7037037037037033,26,96.29629629629629,0.4433232,0.4400929,0.4587193,"['CS(=O)(=O)c1ccc(-c2oc(-c3ccccc3)c3ccc(N)cc23)o1', 'CCOC(=O)Oc1ccc(-c2oc(-c3ccc(N(C)C)cc3)c3ccccc23)o1', 'CCC(=O)Oc1ccc(-c2oc(-c3ccccc3)c3ccccc23)cc1', 'CCC(=O)Oc1ccc(-c2oc(-c3ccc(N(C)C)cc3)c3ccccc23)cc1', 'N#Cc1ccc(-c2oc(-c3ccccc3)c3ccc([N+](=O)[O-])cc23)cc1', 'CCOC(=O)Oc1ccc(-c2oc(-c3ccc(OC)cc3)c3ccccc23)o1', 'O=C1OC(c2ccco2)=NC1=Cc1ccccc1', 'COC1COC(=O)c2oc(-c3ccccc3)c(O)c2O1', 'N#Cc1ccc(-c2oc(-c3ccccc3)c3ccccc23)o1', 'O=C(CBr)Oc1ccc(-c2oc(-c3ccc(Cl)cc3)c3ccccc23)cc1', 'COS(=O)(=O)c1ccc(-c2oc(-c3ccccc3)c3ccc(Br)cc23)o1', 'COCc1ccc(-c2oc(-c3ccccc3)c3ccccc23)cc1Br', 'CCc1ccc(-c2oc(-c3ccccc3)c3ccc(OC)cc23)cc1', 'COOc1ccc(-c2oc(-c3ccccc3)c3ccccc23)cc1OC', 'CC(=O)Oc1ccc(-c2oc(-c3ccccc3)c3ccc(OC(C)=O)cc23)cc1', 'COC(=O)Oc1ccc(-c2oc(-c3ccccc3)c3ccccc23)cc1', 'COc1ccc(-c2oc(-c3cccnc3)c3ccccc23)cc1O', 'COc1ccc(-c2oc(-c3ccccc3)c3cccc(OC)c23)cc1', 'Cc1cc(-c2oc(-c3ccc(N)cc3)c3ccccc23)no1', 'Cc1cc(-c2oc(-c3ccccc3)c3ccc(O)cc23)no1', 'CCc1ccc(-c2oc(-c3ccccc3)c3ccc(N)cc23)cc1', 'FC(F)(F)c1ccc(-c2oc(-c3ccccc3)c3ccccc23)cc1', 'COC(=O)Oc1ccc(-c2oc(-c3ccccc3)c3cccnc23)cc1', 'CC(C)c1ccc(-c2oc(-c3ccc(O)cc3)c3ccccc23)cc1', 'CC(C)Oc1ccc(-c2oc(-c3ccc(C#N)cc3)c3ccccc23)cc1']",25,-0.018626399999999987,400
CCC(C)c1ccc(-c2oc(-c3ccccc3)c3ccc(O)cc23)cc1,1,6.25,4,25.0,0.44401409999999997,0.442081,0.4441006,"['CCC(C)c1ccc(-c2oc(-c3ccccc3)c3ccc(O)cc23)cc1', 'O=C1NC(c2ccccc2)=NC1=Cc1ccco1', 'CNc1ccc(-c2oc(-c3ccc(OC)c(O)c3)c3ccccc23)cc1']",26,-0.0020196000000000103,410
Nc1ccc(-c2oc(-c3ccccc3)c3ccc(F)cc23)cc1,1,6.25,14,87.5,0.44401409999999997,0.4439276,0.4588911,"['Nc1ccc(-c2oc(-c3ccccc3)c3ccc(F)cc23)cc1', 'CNc1ccc(-c2oc(-c3ccc(OC)c(O)c3)c3ccccc23)cc1', 'CN(C)c1ccc(-c2oc(-c3ccc(N)cc3)c3ccc(Br)cc23)cc1', 'O=C1OC(c2ccccc2)=NC1=Cc1ccco1', 'CCc1ccc(-c2oc(-c3ccccc3)c3ccc(N(C)C)cc23)cc1', 'N#Cc1ccc(-c2oc(-c3ccccc3)c3ccc(N)cc23)o1', 'N#Cc1ccc2c(-c3ccccc3)oc(-c3ccc(C#N)o3)c2c1', 'COc1ccc(-c2oc(-c3ccccc3)c3ccc(N)cc23)cc1O', 'Cc1ccc(-c2oc(-c3ccccc3)c3cc(O)ccc23)cc1', 'CCc1cc(-c2oc(-c3ccccc3)c3ccc(Br)cc23)co1', 'N#Cc1ccc(-c2oc(-c3ccc(N)cc3)c3ccccc23)o1', 'Cc1ccc2c(-c3ccccc3)oc(-c3coc(C)c3)c2c1', 'CCc1cc(-c2oc(-c3ccccc3)c3ccccc23)no1']",23,-0.014963500000000018,410
COS(=O)(=O)c1ccc(-c2oc(-c3ccc(N)cc3)c3ccccc23)o1,1,3.4482758620689653,3,10.344827586206897,0.4515275,0.44006935,0.4515275,"['COS(=O)(=O)c1ccc(-c2oc(-c3ccc(N)cc3)c3ccccc23)o1', 'c1ccc(-c2oc(-c3ccco3)c3ccccc23)cc1']",26,-0.01145815,420
Brc1ccc2c(-c3ccccc3)oc(-c3ccc(Br)o3)c2c1,1,3.4482758620689653,28,96.55172413793103,0.4515275,0.4515535,0.4221426,"['Brc1ccc2c(-c3ccccc3)oc(-c3ccc(Br)o3)c2c1', 'CC1(C)C=CC(c2oc(-c3ccc(Br)cc3)c3ccccc23)=C1', 'c1ccc(-c2oc(-c3ccco3)c3ccccc23)cc1', 'Cc1cc(-c2oc(-c3ccccc3)c3ccccc23)cc(C)c1N', 'CCSc1ccc(-c2oc(-c3ccccc3)c3ccccc23)o1', 'Cc1ccc(-c2oc(-c3ccc(N)cc3)c3ccccc23)cc1Br', 'CCC(=O)Oc1ccc(-c2oc(-c3ccco3)c3ccc(OC)cc23)cc1', 'CN(C)c1ccc(-c2oc(-c3ccccc3)c3ccc(Cl)cc23)cc1', 'Cc1ccc(-c2oc(-c3ccccc3)c3ccc(C)cc23)cc1', 'CCCc1cc(-c2oc(-c3ccccc3)c3ccccc23)co1', 'COCc1ccc(-c2oc(-c3ccccc3)c3cccnc23)cc1O', 'CCOc1ccc(-c2oc(-c3ccc(F)cc3)c3ccc(C)cc23)cc1', 'CCOc1ccc(-c2oc(-c3ccccc3)c3ccccc23)cc1O', 'CC(C)(C)c1cc(-c2oc(-c3ccccc3)c3ccccc23)c(C(C)(C)C)cc1O', 'CCC(C)(C)c1ccc(-c2oc(-c3ccccc3)c3ccc(O)cc23)o1', 'CC(O)c1ccc(-c2oc(-c3ccccc3)c3ccccc23)cc1', 'CCc1cc(-c2oc(-c3ccccc3)c3ccc(F)cc23)co1', 'CCOC(=O)c1cc(-c2oc(-c3ccccc3)c3ccccc23)co1', 'COc1cc(-c2oc(-c3ccccc3)c3cccc(OC)c23)cc(OC)c1OC', 'COc1ccc2c(-c3ccc(OC)c(OC)c3)oc(-c3ccccc3)c2c1', 'O=C1C(=Cc2ccccc2)N=C1c1ccc(Br)cc1', 'Nc1ccc(-c2oc(-c3ccccc3)c3cccc(F)c23)cc1', 'FC(F)(F)c1cc(-c2oc(-c3ccccc3)c3ccccc23)ccc1Cl', 'CCC(=O)Oc1ccc(-c2oc(-c3ccccc3)c3ccc(C)cc23)cc1', 'CCc1ccc(-c2oc(-c3ccc(Br)cc3)c3ccccc23)cc1Br', 'CC(=O)Oc1ccc(-c2oc(-c3ccccc3)c3ccc(Br)cc23)cc1', 'COc1ccc2c(-c3ccccc3)oc(-c3ccc(OC)c(OC)c3)c2c1']",22,0.029410900000000018,420
COC(=O)C1(c2ccc(Br)cc2)N=C(C)C(=O)O1,1,3.7037037037037033,3,11.11111111111111,0.4547856,0.21144985,0.4551042,"['COC(=O)C1(c2ccc(Br)cc2)N=C(C)C(=O)O1', 'COc1ccc(-c2oc(-c3ccccc3)c3cccc(OC)c23)cc1O']",18,-0.24365435000000002,430
CC(O)c1ccc(-c2oc(-c3ccccc3)c3ccccc23)cc1O,1,3.7037037037037033,25,92.5925925925926,0.4547856,0.45579585,0.3112162,"['CC(O)c1ccc(-c2oc(-c3ccccc3)c3ccccc23)cc1O', 'CCOc1ccc(-c2oc(-c3ccc(C)cc3)c3ccccc23)cc1', 'CS(=O)(=O)c1ccc(-c2oc(-c3cccnc3)c3ccccc23)o1', 'CCOc1ccc(-c2oc(-c3ccc(F)cc3)c3ccccc23)cc1', 'CCC(=O)Oc1ccc(-c2oc(-c3ccc([N+](=O)[O-])cc3)c3ccccc23)cc1', 'CCc1ccc(-c2oc(-c3ccccc3)c3ccc(Br)cc23)cc1', 'FC(F)(Br)c1cc(-c2oc(-c3ccccc3)c3ccccc23)ccc1Cl', 'CC(C)(C)OC(=O)c1ccc(-c2oc(-c3ccccc3)c3ccccc23)o1', 'COCc1ccc(-c2oc(-c3ccccc3)c3ccc(F)cc23)cc1Cl', 'CCC(=O)Oc1ccc(-c2oc(-c3ccc(OC)cc3)c3ccccc23)cc1', 'CCOc1ccc(-c2oc(-c3ccccc3)c3ccccc23)cc1Br', 'COc1ccc(-c2oc(-c3ccccc3)c3ccc(C)cc23)cc1', 'COc1ccc(-c2oc(-c3ccc(OC(C)=O)cc3)c3ccccc23)cc1', 'COC(=O)c1ccc(-c2oc(-c3ccccc3)c3ccccc23)cc1Cl', 'CCc1ccc(-c2oc(-c3ccccc3)c3ccccc23)cc1Br', 'CCOc1ccc(-c2oc(-c3ccccc3)c3ccc(Br)cc23)cc1', 'COc1cc(OC)cc(-c2oc(-c3ccccc3)c3ccccc23)c1', 'CCC(C)Oc1ccc(-c2oc(-c3ccc(F)cc3)c3ccc(Br)cc23)cc1', 'CC(C)(C)OC(=O)c1oc(-c2ccccc2)c2ccccc12', 'CS(=O)(=O)c1ccc(-c2oc(-c3ccccc3)c3ccc(O)cc23)o1', 'Cc1cc(-c2oc(-c3ccccc3)c3ccccc23)cc(C)c1O', 'COOc1cccc(-c2oc(-c3ccccc3)c3ccccc23)c1OC', 'Cc1ccc(-c2oc(-c3ccccc3)c3ccccc23)cc1Br', 'CCC(C)Oc1ccc(-c2oc(-c3ccc(N)cc3)c3ccccc23)cc1']",25,0.14457965,430
Clc1ccc(-c2oc(-c3ccc(Cl)c(Cl)c3)c3cc(Cl)ccc23)cc1,1,4.0,3,12.0,0.4432262,0.45321239999999996,0.4432262,"['Clc1ccc(-c2oc(-c3ccc(Cl)c(Cl)c3)c3cc(Cl)ccc23)cc1', 'Cc1cc(O)cc(-c2oc(-c3ccccc3)c3ccccc23)c1']",25,0.009986199999999945,440
O=C1NC(c2ccccc2)=NC1=Cc1ccc[nH]1,1,4.0,2,8.0,0.4432262,0.4741193,0.44226034999999997,['O=C1NC(c2ccccc2)=NC1=Cc1ccc[nH]1'],18,0.03185895000000005,440
CC(C)(C)c1cc(-c2oc(-c3ccccc3)c3ccccc23)cc(C(C)(C)C)c1O,1,4.0,17,68.0,0.4432262,0.44115194999999996,0.4712457,"['CC(C)(C)c1cc(-c2oc(-c3ccccc3)c3ccccc23)cc(C(C)(C)C)c1O', 'CCc1ccc(-c2oc(-c3ccccc3)c3ccccc23)cc1Cl', 'O=C1NC(Cl)=NC1=Cc1cccs1', 'CCOc1ccc(-c2oc(-c3ccccc3)c3ccccc23)cc1OC', 'Nc1ccc(-c2oc(-c3ccccc3)c3ccc(Cl)cc23)cc1', 'COc1ccc(-c2oc(-c3ccccc3)c3cc(Br)ccc23)cc1', 'Cc1ccc(-c2oc(-c3ccc(Cl)c(C)c3)c3cc(F)ccc23)cc1', 'CN(C)c1ccc(-c2oc(-c3ccc(N)cc3)c3cccc(F)c23)cc1', 'O=C1NC(O)=NC1=Cc1ccc(Cl)cc1', 'Clc1ccc(-c2oc(-c3ccccc3)c3cccc(Br)c23)cc1Cl', 'CON(OC)c1ccc(-c2oc(-c3ccccc3)c3ccccc23)cc1', 'O=C1OC(=Cc2ccoc2)N=C1c1ccc(Br)cc1', 'COc1ccc2c(-c3ccc(SC)cc3)oc(-c3ccccc3)c2c1', 'COCc1oc(-c2ccccc2)c2ccccc12', 'COSc1ccc(-c2oc(-c3ccccc3)c3ccccc23)cc1O', 'COc1ccc(-c2oc(-c3ccccc3)c3ccccc23)cc1OC']",30,-0.03009375000000003,440
O=C1OC(c2ccccn2)=NC1=Cc1ccccc1,1,4.0,2,8.0,0.4432262,0.3508769,0.4455579,['O=C1OC(c2ccccn2)=NC1=Cc1ccccc1'],19,-0.09468100000000002,440
CCCc1ccc(-c2oc(-c3ccccc3)c3ccccc23)cc1,1,4.0,2,8.0,0.4432262,0.484525,0.44226034999999997,['CCCc1ccc(-c2oc(-c3ccccc3)c3ccccc23)cc1'],24,0.042264650000000015,440
CC(C)c1ccc(-c2oc(-c3ccc(F)cc3)c3ccccc23)cc1,1,4.0,2,8.0,0.4432262,0.4772424,0.44226034999999997,['CC(C)c1ccc(-c2oc(-c3ccc(F)cc3)c3ccccc23)cc1'],25,0.03498205000000004,440
COCOc1ccc(-c2oc(-c3ccccc3)c3ccccc23)cc1,1,3.4482758620689653,3,10.344827586206897,0.4540745,0.4640764,0.4522657,"['COCOc1ccc(-c2oc(-c3ccccc3)c3ccccc23)cc1', 'Brc1ccc(-c2oc(-c3ccccc3)c3ccccc23)s1']",25,0.011810700000000007,450
Clc1ccc2c(-c3ccccc3)oc(-c3ccc(Cl)c(Cl)c3)c2c1,1,3.4482758620689653,2,6.896551724137931,0.4540745,0.4540745,0.45332649999999997,['Clc1ccc2c(-c3ccccc3)oc(-c3ccc(Cl)c(Cl)c3)c2c1'],24,0.0007480000000000264,450
Fc1ccc(Br)cc1-c1oc(-c2ccccc2)c2ccccc12,1,3.4482758620689653,4,13.793103448275861,0.4540745,0.4655278,0.4531701,"['Fc1ccc(Br)cc1-c1oc(-c2ccccc2)c2ccccc12', 'COc1ccc(-c2oc(-c3ccc(F)cc3)c3ccccc23)cc1OC', 'CN(C)c1ccc(-c2oc(-c3ccc([N+](=O)[O-])cc3)c3ccccc23)cc1']",23,0.012357699999999971,450
O=C1CCc2ccc(Br)cc2-c2ccccc21,1,3.4482758620689653,25,86.20689655172413,0.4540745,0.447053,0.4655278,"['O=C1CCc2ccc(Br)cc2-c2ccccc21', 'CN(C)c1ccc(-c2oc(-c3ccc([N+](=O)[O-])cc3)c3ccccc23)cc1', 'CSc1ccc(-c2oc(-c3ccccc3)c3ccc(N)cc23)cc1', 'O=C1OC(c2ccccc2)=NC1=Cc1ccccc1', 'Cc1ccc(-c2oc(-c3ccccc3)c3ccccc23)cc1', 'COc1ccc(-c2oc(-c3ccccc3)c3cc(OC)ccc23)cc1', 'N#Cc1ccc(-c2oc(-c3ccc(F)cc3)c3ccccc23)cc1', 'CC(C)c1ccc(-c2oc(-c3ccc(C(C)(C)C)cc3)c3ccccc23)cc1', 'O=Cc1ccc(-c2oc(-c3ccccc3)c3ccccc23)cc1Cl', 'CN=Cc1ccc(-c2oc(-c3ccc(F)cc3)c3ccccc23)cc1', 'Cc1ccc(-c2oc(-c3ccccc3)c3ccc(O)cc23)cc1', 'O=C1NC(Cl)=NC1=Cc1ccc(Cl)cc1', 'COc1ccc(-c2oc(-c3ccccc3)c3cccc(F)c23)cc1', 'Nc1ccc(-c2oc(-c3ccc(C(=O)O)cc3)c3ccccc23)cc1', 'Brc1ccc(-c2oc(-c3ccccc3)c3ccccc23)cc1', 'Cc1cc(-c2oc(-c3ccccc3)c3cc(Br)ccc23)ccc1Cl', 'c1ccc(-c2oc(-c3ccccn3)c3ccccc23)cc1', 'COc1cc(-c2oc(-c3ccccc3)c3cc(F)ccc23)cc(OC)c1OC', 'FC(F)(F)Oc1ccc(-c2oc(-c3ccccc3)c3ccccc23)cc1', 'CCS(=O)(=O)c1ccc(-c2oc(-c3ccc(N)cc3)c3ccccc23)o1', 'O=C1NC(O)=NC1=Cc1ccco1', 'O=C1OC(c2ccc(Cl)cc2)=NC1=Cc1ccccc1', 'N#Cc1ccc(-c2oc(-c3ccc(C(F)(F)F)cc3)c3ccccc23)cc1', 'CCC(C)(C)c1ccc(-c2oc(-c3ccc(N)cc3)c3ccccc23)cc1']",17,-0.018474800000000013,450
O=C1OC(c2ccc(Br)cc2)=NC1=Cc1ccco1,1,4.3478260869565215,2,8.695652173913043,0.4559744,0.4612985,0.45304120000000003,['O=C1OC(c2ccc(Br)cc2)=NC1=Cc1ccco1'],19,0.008257299999999967,460
O=C1CC(c2ccccc2)=NC1=Cc1ccccc1,1,4.3478260869565215,2,8.695652173913043,0.4559744,0.2529346,0.45598685,['O=C1CC(c2ccccc2)=NC1=Cc1ccccc1'],19,-0.20305225,460
CC(C)c1ccc(-c2oc(-c3ccc(N)cc3)c3ccccc23)cc1,1,4.3478260869565215,2,8.695652173913043,0.4559744,0.4559744,0.45305365,['CC(C)c1ccc(-c2oc(-c3ccc(N)cc3)c3ccccc23)cc1'],25,0.0029207500000000275,460
CCC(=O)Oc1ccc(-c2oc(-c3ccc(N)cc3)c3ccccc23)cc1,1,4.3478260869565215,21,91.30434782608695,0.4559744,0.45305365,0.4559744,"['CCC(=O)Oc1ccc(-c2oc(-c3ccc(N)cc3)c3ccccc23)cc1', 'Cc1cc(-c2oc(-c3ccccc3)c3ccc(O)cc23)cc(C)c1O', 'FC(F)(F)c1ccc(-c2oc(-c3ccccc3)c3ccccc23)cc1Cl', 'CC(C)(C)Oc1ccc(-c2oc(-c3ccc(F)cc3)c3ccccc23)cc1', 'CCc1ccc(-c2oc(-c3ccccc3)c3cc(OC)ccc23)cc1', 'COc1ccc(-c2oc(-c3ccccc3)c3ccc(N)cc23)cc1', 'Cc1ccc(-c2oc(-c3ccccc3)c3ccc([N+](=O)[O-])cc23)cc1', 'COc1ccc(-c2oc(-c3ccccc3)c3cccc(C)c23)cc1', 'CCC(C)(C)c1ccc(-c2oc(-c3ccccc3)c3ccccc23)cc1Cl', 'Cc1ccc(-c2oc(-c3ccccc3)c3cccc(C)c23)cc1', 'Cc1ccc(-c2oc(-c3ccccc3)c3ccc(F)cc23)cc1', 'O=C(CBr)Oc1ccc(-c2oc(-c3ccccc3)c3ccccc23)cc1', 'CSc1ccc(-c2oc(-c3ccccc3)c3ccc(F)cc23)o1', 'COc1ccccc1-c1oc(-c2ccccc2)c2ccccc12', 'O=C1C=NC(=Cc2ccc[nH]2)O1', 'c1ccc(-c2oc(-c3ccc(N4CCOC4)cc3)c3ccccc23)cc1', 'COc1ccc(-c2oc(-c3ccccc3)c3ccc(F)cc23)cc1', 'COC(=O)Oc1ccc(-c2oc(-c3ccc(Cl)cc3)c3ccccc23)cc1', 'COc1ccc(-c2oc(-c3ccc(N)cc3)c3ccccc23)cc1O', 'Nc1cc(-c2oc(-c3ccccc3)c3cc(Cl)ccc23)ccc1Cl']",27,-0.0029207500000000275,460
c1ccc(-c2oc(-c3cccs3)c3ccccc23)cc1,1,5.88235294117647,3,17.647058823529413,0.4429916,0.470536,0.4380597,"['c1ccc(-c2oc(-c3cccs3)c3ccccc23)cc1', 'Cc1ccc(-c2oc(-c3ccccc3)c3cc(Cl)ccc23)cc1']",20,0.032476300000000013,470
CC(=O)Oc1ccc(-c2oc(-c3ccccc3)c3ccc(C)cc23)cc1,1,3.571428571428571,2,7.142857142857142,0.4386003,0.4667497,0.4382558,['CC(=O)Oc1ccc(-c2oc(-c3ccccc3)c3ccc(C)cc23)cc1'],26,0.028493900000000016,480
CCOc1ccc(-c2oc(-c3ccccc3)c3ccc(N)cc23)cc1,1,3.571428571428571,2,7.142857142857142,0.4386003,0.4279557,0.4389448,['CCOc1ccc(-c2oc(-c3ccccc3)c3ccc(N)cc23)cc1'],25,-0.01098910000000003,480
CC(C)Oc1ccc(-c2oc(-c3ccccc3)c3ccc(Cl)cc23)cc1,1,3.571428571428571,3,10.714285714285714,0.4386003,0.23375574999999998,0.43956505,"['CC(C)Oc1ccc(-c2oc(-c3ccccc3)c3ccc(Cl)cc23)cc1', 'CCc1ccc(N(C)CC)c2c(Br)c(-c3ccccc3)oc12']",26,-0.20580930000000003,480
Nc1ccc(-c2oc(-c3ccc[nH]3)c3ccccc23)cc1,1,3.571428571428571,2,7.142857142857142,0.4386003,0.4382558,0.4389448,['Nc1ccc(-c2oc(-c3ccc[nH]3)c3ccccc23)cc1'],21,-0.0006890000000000507,480
CC(C)(C)c1ccc(-c2oc(-c3ccc(N)cc3)c3ccccc23)cc1,1,3.571428571428571,18,64.28571428571429,0.4386003,0.4389448,0.4382558,"['CC(C)(C)c1ccc(-c2oc(-c3ccc(N)cc3)c3ccccc23)cc1', 'O=C1C(=Cc2ccco2)N=Cc2ccc(Cl)cc21', 'CS(=O)(=O)c1ccc(-c2oc(-c3ccccc3)c3ccc(F)cc23)cc1', 'O=C1CC(c2ccccc2)=NC1=Cc1ccco1', 'CC(=O)Oc1ccc(-c2oc(-c3ccc(N(C)C)cc3)c3ccccc23)cc1', 'CC(C)(C)c1ccc(-c2oc(-c3ccccc3)c3ccc(Br)cc23)cc1', 'Brc1ccc2c(-c3ccccc3)oc(-c3ccccc3)c2c1', 'CNc1ccc(-c2oc(-c3ccc(C)cc3)c3ccccc23)cc1', 'ClC(=C1C=CC(Nc2ccco2)=C1)c1ccccc1', 'CNc1ccc(-c2oc(-c3ccc(OC)cc3)c3ccccc23)cc1', 'COc1cc(OC)cc(-c2oc(-c3ccc(F)cc3)c3ccccc23)c1', 'C#CNc1ccc(-c2oc(-c3ccccc3)c3ccccc23)cc1', 'CCOc1ccc(-c2oc(-c3ccccc3)c3cc(Br)ccc23)cc1', 'S=C(Nc1ccccc1)c1ccc(Cl)cc1', 'Cc1cc(C)cc(-c2oc(-c3ccccc3)c3ccc(Cl)cc23)c1', 'O=C1C=NC(=C2Nc3ccccc3OC2=O)O1', 'CSc1ccc(-c2oc(-c3ccccc3)c3ccc(F)cc23)cc1']",26,0.0006890000000000507,480
CC(=O)Nc1ccc(-c2oc(-c3ccc(C)cc3)c3ccccc23)cc1,1,3.571428571428571,6,21.428571428571427,0.4386003,0.4473388,0.4366288,"['CC(=O)Nc1ccc(-c2oc(-c3ccc(C)cc3)c3ccccc23)cc1', 'Cc1cc(-c2oc(-c3ccccc3)c3ccccc23)ccn1', 'CNc1ccc(-c2oc(-c3ccc(C)cc3)c3ccccc23)cc1', 'CNc1ccc(-c2oc(-c3ccc(OC)cc3)c3ccccc23)cc1', 'c1ccc(Cc2ccc3c(-c4ccccc4)oc(-c4ccccc4)c3c2)cc1']",26,0.010709999999999997,480
c1ccc(-c2oc(-c3ccccc3)c3ccccc23)cc1,1,4.761904761904762,2,9.523809523809524,0.45744,0.5112976,0.45627815,['c1ccc(-c2oc(-c3ccccc3)c3ccccc23)cc1'],21,0.055019450000000025,490
CC(C)Oc1ccc(-c2oc(-c3ccco3)c3ccccc23)cc1,1,4.761904761904762,2,9.523809523809524,0.45744,0.4394968,0.4598996,['CC(C)Oc1ccc(-c2oc(-c3ccco3)c3ccccc23)cc1'],24,-0.0204028,490
O=C1C=NC(=Cc2ccco2)O1,1,4.761904761904762,20,95.23809523809523,0.45744,0.45744,0.4753972,"['O=C1C=NC(=Cc2ccco2)O1', 'COc1ccc(-c2oc(-c3ccc(C)cc3)c3ccccc23)c(OC)c1', 'COc1ccc2c(-c3ccccc3)oc(-c3ccc(C)cc3)c2c1', 'CNc1ccc(-c2oc(-c3ccccc3)c3ccccc23)cc1', 'CS(=O)(=O)c1ccc(-c2oc(-c3ccccc3)c3ccccc23)cc1', 'N#Cc1ccc(-c2oc(-c3ccco3)c3ccccc23)cc1', 'CC(=O)c1ccc(-c2oc(-c3ccccc3)c3ccc(F)cc23)cc1', 'CC(=O)c1ccc(-c2oc(-c3ccc(F)cc3)c3ccccc23)cc1', 'C=Cc1ccc(-c2oc(-c3ccc(F)cc3)c3ccccc23)cc1', 'COc1cc(-c2oc(-c3ccccc3)c3ccccc23)cc(OC)c1OC', 'COc1ccccc1-c1oc(-c2ccccc2)c2ccc(F)cc12', 'CS(=O)(=O)Oc1ccc(-c2oc(-c3ccccc3)c3ccccc23)cc1', 'Cc1ccc(-c2oc(-c3ccc(F)cc3)c3ccccc23)cc1', 'COS(=O)(=O)c1ccc(-c2oc(-c3ccccc3)c3ccccc23)o1', 'CC(C)(C)Oc1ccc(-c2oc(-c3ccccc3)c3ccccc23)cc1', 'Clc1ccc(-c2oc(-c3ccccc3)c3ccc(Cl)cc23)cc1', 'CS(=O)(=O)c1ccc(-c2oc(-c3cccs3)c3ccccc23)o1', 'O=C1OC(c2ccccc2)=NC1=Cc1ccc(Cl)cc1', 'CS(=O)(=O)c1ccc(-c2oc(-c3ccncc3)c3ccccc23)o1']",12,-0.017957200000000006,490
CCNc1ccc(-c2oc(-c3ccccc3)c3ccccc23)cc1,1,3.4482758620689653,3,10.344827586206897,0.4543324,0.4625669,0.453898,"['CCNc1ccc(-c2oc(-c3ccccc3)c3ccccc23)cc1', 'CSc1ccc(-c2oc(-c3ccccc3)c3ccc(Br)cc23)o1']",24,0.00866889999999998,500
CC(C)c1ccc(-c2oc(-c3ccc(Br)cc3)c3ccccc23)cc1,1,3.4482758620689653,2,6.896551724137931,0.4543324,0.4844355,0.45411520000000005,['CC(C)c1ccc(-c2oc(-c3ccc(Br)cc3)c3ccccc23)cc1'],25,0.030320299999999967,500
Brc1ccc2c(-c3ccccc3)oc(-c3ccco3)c2c1,1,3.4482758620689653,14,48.275862068965516,0.4543324,0.4543324,0.45518265,"['Brc1ccc2c(-c3ccccc3)oc(-c3ccco3)c2c1', 'O=C1C=NC1=Cc1ccco1', 'CSc1ccc(-c2oc(-c3ccccc3)c3ccc(Cl)cc23)o1', 'CS(=O)(=O)c1ccc(-c2oc(-c3ccccc3)c3ccccc23)o1', 'Cc1ccc(-c2oc(-c3cc(C)cc(C)c3)c3ccccc23)cc1', 'Brc1ccc(-c2oc(-c3ccco3)c3ccccc23)cc1', 'CCOc1ccc(-c2oc(-c3ccccc3)c3ccc(F)cc23)cc1', 'NCc1ccc(-c2oc(-c3ccccc3)c3ccccc23)cc1', 'CC(=O)Nc1ccc(-c2oc(-c3ccc(F)cc3)c3ccccc23)cc1', 'Brc1ccc(-c2oc(-c3ccccc3)c3ccc(Br)cc23)cc1', 'O=C1C=NC(=C2CC(=O)Oc3ccccc3N2)O1', 'CON(C)c1ccc(-c2oc(-c3ccccc3)c3ccccc23)cc1', 'COC(=O)c1ccc(-c2oc(-c3ccc(F)cc3)c3ccccc23)cc1']",21,-0.0008502499999999968,500
